-- MySQL dump 10.13  Distrib 9.5.0, for macos15 (arm64)
--
-- Host: localhost    Database: QLBanQuanAo
-- ------------------------------------------------------
-- Server version	9.5.0

/*!40101 SET @OLD_CHARACTER_SET_CLIENT=@@CHARACTER_SET_CLIENT */;
/*!40101 SET @OLD_CHARACTER_SET_RESULTS=@@CHARACTER_SET_RESULTS */;
/*!40101 SET @OLD_COLLATION_CONNECTION=@@COLLATION_CONNECTION */;
/*!50503 SET NAMES utf8mb4 */;
/*!40103 SET @OLD_TIME_ZONE=@@TIME_ZONE */;
/*!40103 SET TIME_ZONE='+00:00' */;
/*!40014 SET @OLD_UNIQUE_CHECKS=@@UNIQUE_CHECKS, UNIQUE_CHECKS=0 */;
/*!40014 SET @OLD_FOREIGN_KEY_CHECKS=@@FOREIGN_KEY_CHECKS, FOREIGN_KEY_CHECKS=0 */;
/*!40101 SET @OLD_SQL_MODE=@@SQL_MODE, SQL_MODE='NO_AUTO_VALUE_ON_ZERO' */;
/*!40111 SET @OLD_SQL_NOTES=@@SQL_NOTES, SQL_NOTES=0 */;
SET @MYSQLDUMP_TEMP_LOG_BIN = @@SESSION.SQL_LOG_BIN;
SET @@SESSION.SQL_LOG_BIN= 0;

--
-- GTID state at the beginning of the backup 
--

SET @@GLOBAL.GTID_PURGED=/*!80000 '+'*/ 'e90674b2-b037-11f0-98bc-1579213bc118:1-345';

--
-- Table structure for table `DanhMuc`
--

DROP TABLE IF EXISTS `DanhMuc`;
/*!40101 SET @saved_cs_client     = @@character_set_client */;
/*!50503 SET character_set_client = utf8mb4 */;
CREATE TABLE `DanhMuc` (
  `MaDM` int NOT NULL,
  `TenDM` varchar(100) CHARACTER SET utf8mb3 COLLATE utf8mb3_general_ci NOT NULL,
  `MoTa` varchar(100) CHARACTER SET utf8mb3 COLLATE utf8mb3_general_ci NOT NULL,
  `NgayNhapHang` date DEFAULT NULL,
  `MaDMCha` int DEFAULT NULL,
  PRIMARY KEY (`MaDM`),
  KEY `fk_dm_cha` (`MaDMCha`),
  CONSTRAINT `fk_dm_cha` FOREIGN KEY (`MaDMCha`) REFERENCES `DanhMuc` (`MaDM`)
) ENGINE=InnoDB DEFAULT CHARSET=utf8mb4 COLLATE=utf8mb4_0900_ai_ci;
/*!40101 SET character_set_client = @saved_cs_client */;

--
-- Dumping data for table `DanhMuc`
--

LOCK TABLES `DanhMuc` WRITE;
/*!40000 ALTER TABLE `DanhMuc` DISABLE KEYS */;
INSERT INTO `DanhMuc` VALUES (100,'Áo (Tất Cả)','Các loại áo mặc thân trên.',NULL,NULL),(101,'Áo Thun Cơ Bản','Áo phông cổ tròn, cổ tim, tối giản.',NULL,100),(102,'Áo Sơ Mi','Sơ mi classic, linen, oxford.',NULL,100),(103,'Áo Khoác','Hoodie, Sweater, Cardigan, Khoác Gió.',NULL,100),(104,'Áo Len','Các loại áo len.',NULL,100),(105,'Áo Khoác Dày','Áo khoác phao, dạ.',NULL,100),(200,'Quần & Váy (Tất Cả)','Các loại quần và váy.',NULL,NULL),(201,'Quần Dài','Jeans, Kaki, Jogger, Quần âu.',NULL,200),(202,'Quần Ngắn','Short Kaki, Short Thun.',NULL,200),(203,'Chân Váy','Chân váy chữ A, chân váy suông (dành cho Nữ).',NULL,200),(300,'Phụ Kiện (Tất Cả)','Các vật dụng đi kèm.',NULL,NULL),(301,'Túi & Ví','Ví da, túi tote, túi đeo chéo thiết kế trung tính.',NULL,300),(302,'Mũ & Vớ','Các loại mũ, vớ cơ bản.',NULL,300);
/*!40000 ALTER TABLE `DanhMuc` ENABLE KEYS */;
UNLOCK TABLES;

--
-- Temporary view structure for view `doanhthu`
--

DROP TABLE IF EXISTS `doanhthu`;
/*!50001 DROP VIEW IF EXISTS `doanhthu`*/;
SET @saved_cs_client     = @@character_set_client;
/*!50503 SET character_set_client = utf8mb4 */;
/*!50001 CREATE VIEW `doanhthu` AS SELECT 
 1 AS `ngaytao`,
 1 AS `doanhthu`*/;
SET character_set_client = @saved_cs_client;

--
-- Temporary view structure for view `doanhthu_theongay`
--

DROP TABLE IF EXISTS `doanhthu_theongay`;
/*!50001 DROP VIEW IF EXISTS `doanhthu_theongay`*/;
SET @saved_cs_client     = @@character_set_client;
/*!50503 SET character_set_client = utf8mb4 */;
/*!50001 CREATE VIEW `doanhthu_theongay` AS SELECT 
 1 AS `ngaytao`,
 1 AS `doanhthu`*/;
SET character_set_client = @saved_cs_client;

--
-- Table structure for table `DonHang`
--

DROP TABLE IF EXISTS `DonHang`;
/*!40101 SET @saved_cs_client     = @@character_set_client */;
/*!50503 SET character_set_client = utf8mb4 */;
CREATE TABLE `DonHang` (
  `MaDH` int NOT NULL AUTO_INCREMENT,
  `MaSP` int DEFAULT NULL,
  `MaKH` int DEFAULT NULL,
  `SoLuong` int DEFAULT NULL,
  `DonGia` int DEFAULT NULL,
  `TongGia` int DEFAULT NULL,
  `TrangThai` varchar(45) DEFAULT NULL,
  `TongGiaDaGiam` int DEFAULT NULL,
  `Mau` varchar(45) DEFAULT NULL,
  `Size` varchar(45) DEFAULT NULL,
  `Time` datetime DEFAULT NULL,
  PRIMARY KEY (`MaDH`),
  KEY `MaSP` (`MaSP`),
  KEY `MaKH` (`MaKH`),
  CONSTRAINT `donhang_ibfk_1` FOREIGN KEY (`MaSP`) REFERENCES `SanPham` (`MaSP`),
  CONSTRAINT `donhang_ibfk_2` FOREIGN KEY (`MaKH`) REFERENCES `KhachHang` (`MaKH`)
) ENGINE=InnoDB AUTO_INCREMENT=12 DEFAULT CHARSET=utf8mb4 COLLATE=utf8mb4_0900_ai_ci;
/*!40101 SET character_set_client = @saved_cs_client */;

--
-- Dumping data for table `DonHang`
--

LOCK TABLES `DonHang` WRITE;
/*!40000 ALTER TABLE `DonHang` DISABLE KEYS */;
INSERT INTO `DonHang` VALUES (1,1012,6,1,NULL,NULL,'Đang Xử Lý',250000,'',NULL,NULL),(2,1011,6,1,NULL,NULL,'Đang Xử Lý',330000,'',NULL,NULL),(3,1003,6,1,NULL,NULL,'Đang Xử Lý',290000,'',NULL,NULL),(4,1004,6,1,NULL,NULL,'Đang Xử Lý',550000,'',NULL,NULL),(5,1004,6,1,NULL,NULL,'Đang Xử Lý',550000,'Kem',NULL,NULL),(6,1004,18,1,NULL,NULL,'Đã hủy',550000,'Xám tro',NULL,NULL),(7,1003,18,1,290000,290000,'Đã giao thành công',NULL,'',NULL,NULL),(8,1003,18,1,290000,290000,'Đã giao thành công',NULL,'Trắng',NULL,NULL),(9,1004,18,1,550000,550000,'Chờ bạn xác nhận',NULL,'',NULL,'2025-11-08 13:01:15'),(10,1001,18,1,199000,199000,'Chờ bạn xác nhận',NULL,'Xám',NULL,'2025-11-08 13:01:22'),(11,1012,18,1,250000,250000,'Chờ bạn xác nhận',NULL,'Đen',NULL,'2025-11-08 13:01:30');
/*!40000 ALTER TABLE `DonHang` ENABLE KEYS */;
UNLOCK TABLES;

--
-- Table structure for table `GioHang`
--

DROP TABLE IF EXISTS `GioHang`;
/*!40101 SET @saved_cs_client     = @@character_set_client */;
/*!50503 SET character_set_client = utf8mb4 */;
CREATE TABLE `GioHang` (
  `MaKH` int NOT NULL,
  `MaSP` int NOT NULL,
  `SoLuong` int DEFAULT NULL,
  `MauSac` varchar(20) CHARACTER SET utf8mb3 COLLATE utf8mb3_general_ci DEFAULT NULL,
  `Size` varchar(10) DEFAULT NULL,
  PRIMARY KEY (`MaKH`,`MaSP`)
) ENGINE=InnoDB DEFAULT CHARSET=utf8mb4 COLLATE=utf8mb4_0900_ai_ci;
/*!40101 SET character_set_client = @saved_cs_client */;

--
-- Dumping data for table `GioHang`
--

LOCK TABLES `GioHang` WRITE;
/*!40000 ALTER TABLE `GioHang` DISABLE KEYS */;
/*!40000 ALTER TABLE `GioHang` ENABLE KEYS */;
UNLOCK TABLES;

--
-- Table structure for table `KhachHang`
--

DROP TABLE IF EXISTS `KhachHang`;
/*!40101 SET @saved_cs_client     = @@character_set_client */;
/*!50503 SET character_set_client = utf8mb4 */;
CREATE TABLE `KhachHang` (
  `MaKH` int NOT NULL AUTO_INCREMENT,
  `HoTen` varchar(100) CHARACTER SET utf8mb3 COLLATE utf8mb3_general_ci NOT NULL,
  `UserName` varchar(100) NOT NULL,
  `MatKhau` varchar(100) NOT NULL,
  `SDT` varchar(10) NOT NULL,
  `Address` varchar(100) CHARACTER SET utf8mb3 COLLATE utf8mb3_general_ci DEFAULT NULL,
  `Role` varchar(20) DEFAULT NULL,
  PRIMARY KEY (`MaKH`)
) ENGINE=InnoDB AUTO_INCREMENT=19 DEFAULT CHARSET=utf8mb4 COLLATE=utf8mb4_0900_ai_ci;
/*!40101 SET character_set_client = @saved_cs_client */;

--
-- Dumping data for table `KhachHang`
--

LOCK TABLES `KhachHang` WRITE;
/*!40000 ALTER TABLE `KhachHang` DISABLE KEYS */;
INSERT INTO `KhachHang` VALUES (1,'Hungg','Hung6903','123456','0966439277','Hà Nội','Client'),(2,'Hungg','Hung6903','1234','0966439277','Hà Nội','Client'),(3,'Hungg','Hung6903','123456','0966439277','Hà Nội','Client'),(4,'123','q','q','123','123','Client'),(5,'Nguyễn Xuân Hùng','Hung452005','123456789','0966439277','Hà Nội','Client'),(6,'Nguyễn Xuân Hùng','Hung452005','123456','0966439277','Hà Nội','Client'),(7,'Nguyễn Xuân','sdfsdf1','123','24352','0924241','Client'),(8,'Nguyễn Hùng','hfdg','123123','0593224','Hà Nội ','Client'),(9,'hung','wsadas','2131232','123123','sfas','Client'),(10,'qweqwe','aeqw','weqweqwe','qweqwe','qweqweq','Client'),(11,'qewqeqưeqưe','qưeqwe','qeqe','qưeqew','qưeqwe','Client'),(12,'qewqeqưeqưe','qưeqwe','qeqe','qưeqew','qưeqwe','Client'),(13,'asd','asdasd','asdads','asdasd','asdads','Client'),(14,'qưeqưeqưe','qưeqwe','qeqe','qưeqew','qưeqwe','Client'),(15,'Nguyễn Xuân Hùng','Hungmk2005@gmail.com','123456789','0966439277','Hà Nội','Client'),(16,'Hùng','hung@gmail.com','123456789','01239123','Triều Khúc, Hà Nội','Client'),(17,'fhfghf','ưer','sdfsdf','32243','sdfsds','Client'),(18,'Admin','Admin_03','admin_nhom3','0966439277','Hà Nội','Admin');
/*!40000 ALTER TABLE `KhachHang` ENABLE KEYS */;
UNLOCK TABLES;

--
-- Table structure for table `Mau`
--

DROP TABLE IF EXISTS `Mau`;
/*!40101 SET @saved_cs_client     = @@character_set_client */;
/*!50503 SET character_set_client = utf8mb4 */;
CREATE TABLE `Mau` (
  `id` int NOT NULL AUTO_INCREMENT,
  `ten_mau` varchar(50) COLLATE utf8mb4_unicode_ci NOT NULL COMMENT 'Tên màu chuẩn hóa',
  `ma_hex` varchar(7) COLLATE utf8mb4_unicode_ci DEFAULT NULL COMMENT 'Mã màu hex (tùy chọn)',
  PRIMARY KEY (`id`),
  UNIQUE KEY `ten_mau` (`ten_mau`)
) ENGINE=InnoDB AUTO_INCREMENT=77 DEFAULT CHARSET=utf8mb4 COLLATE=utf8mb4_unicode_ci;
/*!40101 SET character_set_client = @saved_cs_client */;

--
-- Dumping data for table `Mau`
--

LOCK TABLES `Mau` WRITE;
/*!40000 ALTER TABLE `Mau` DISABLE KEYS */;
INSERT INTO `Mau` VALUES (1,'Trắng','#FFFFFF'),(2,'Đen','#000000'),(3,'Xám','#808080'),(4,'Hồng','#FFC0CB'),(5,'Be','#F5F5DC'),(6,'Xanh Navy','#000080'),(7,'Xanh Dương','#0000FF'),(8,'Xanh Nhạt','#ADD8E6'),(9,'Xanh rêu','#6B8E23'),(10,'Xanh Olive','#556B2F'),(11,'Xanh mint','#98FF98'),(12,'Xanh Đậm','#00008B'),(13,'Xanh Denim','#1560BD'),(14,'Nâu','#A52A2A'),(15,'Nâu Đậm','#654321'),(16,'Xám tro','#C0C0C0'),(17,'Kem','#FFFDD0'),(18,'Xám Melange','#A9A9A9'),(19,'Trắng ngà','#FFFFF0');
/*!40000 ALTER TABLE `Mau` ENABLE KEYS */;
UNLOCK TABLES;

--
-- Temporary view structure for view `revenue`
--

DROP TABLE IF EXISTS `revenue`;
/*!50001 DROP VIEW IF EXISTS `revenue`*/;
SET @saved_cs_client     = @@character_set_client;
/*!50503 SET character_set_client = utf8mb4 */;
/*!50001 CREATE VIEW `revenue` AS SELECT 
 1 AS `GiaNgayHomNay`*/;
SET character_set_client = @saved_cs_client;

--
-- Table structure for table `SanPham`
--

DROP TABLE IF EXISTS `SanPham`;
/*!40101 SET @saved_cs_client     = @@character_set_client */;
/*!50503 SET character_set_client = utf8mb4 */;
CREATE TABLE `SanPham` (
  `MaSP` int NOT NULL,
  `MaDM` int DEFAULT NULL,
  `TenSP` varchar(100) CHARACTER SET utf8mb3 COLLATE utf8mb3_general_ci DEFAULT NULL,
  `MoTa` varchar(100) CHARACTER SET utf8mb3 COLLATE utf8mb3_general_ci DEFAULT NULL,
  `Gia` float DEFAULT NULL,
  `MauSac` varchar(100) CHARACTER SET utf8mb3 COLLATE utf8mb3_general_ci DEFAULT NULL,
  `Size` varchar(100) CHARACTER SET utf8mb3 COLLATE utf8mb3_general_ci DEFAULT NULL,
  `ChatLieu` varchar(100) CHARACTER SET utf8mb3 COLLATE utf8mb3_general_ci DEFAULT NULL,
  `SoLuongcon` int DEFAULT NULL,
  `HinhAnh` varchar(500) DEFAULT NULL,
  `Season` varchar(100) CHARACTER SET utf8mb3 COLLATE utf8mb3_general_ci DEFAULT NULL,
  `Sold` int DEFAULT '0',
  `Discount` int DEFAULT NULL,
  `NgayNhap` datetime DEFAULT NULL,
  `AnhPhu1` varchar(100) DEFAULT NULL,
  `AnhPhu2` varchar(100) DEFAULT NULL,
  `AnhPhu3` varchar(100) DEFAULT NULL,
  `AnhPhu4` varchar(100) DEFAULT NULL,
  `AnhPhu5` varchar(100) DEFAULT NULL,
  `AnhPhu6` varchar(100) DEFAULT NULL,
  `AnhPhu7` varchar(100) DEFAULT NULL,
  PRIMARY KEY (`MaSP`),
  KEY `MaDM` (`MaDM`),
  CONSTRAINT `sanpham_ibfk_1` FOREIGN KEY (`MaDM`) REFERENCES `DanhMuc` (`MaDM`)
) ENGINE=InnoDB DEFAULT CHARSET=utf8mb4 COLLATE=utf8mb4_0900_ai_ci;
/*!40101 SET character_set_client = @saved_cs_client */;

--
-- Dumping data for table `SanPham`
--

LOCK TABLES `SanPham` WRITE;
/*!40000 ALTER TABLE `SanPham` DISABLE KEYS */;
INSERT INTO `SanPham` VALUES (1001,101,'Áo Thun Cotton Basic','Áo thun cổ tròn, form vừa, chất liệu thoáng mát, 100% Cotton.',199000,'Trắng, Đen, Xám','S, M, L, XL','Cotton 100%',350,'anh_quan_ao/ao/ao_thun_basic.png','Summer',0,17,'2025-06-01 00:00:00','anh_phu_ao/ao_thun_basic_1.jpg','anh_phu_ao/ao_thun_basic_2.jpg','anh_phu_ao/ao_thun_basic_3.jpg','anh_phu_ao/ao_thun_basic_4.jpg',NULL,NULL,NULL),(1002,102,'Sơ Mi Linen Cổ Điển','Áo Sơ mi dài tay, chất liệu linen mát, phù hợp cho mùa hè.',450000,'Be, Xanh Navy','S, M, L','Linen Tự Nhiên',120,'anh_quan_ao/ao/so_mi_len_co_dien.jpg','Summer',0,29,'2025-06-01 00:00:00','anh_phu_ao/so_mi_len_co_dien_1.jpg','anh_phu_ao/so_mi_len_co_dien_2.jpg','anh_phu_ao/so_mi_len_co_dien_3.jpg','anh_phu_ao/so_mi_len_co_dien_4.jpg',NULL,NULL,NULL),(1003,101,'Áo Polo Cotton Pique','Áo polo phom cơ bản, cổ dệt kim, chất liệu Pique thoáng khí.',290000,'Đen, Trắng, Xanh rêu','S, M, L, XL','Cotton Pique',250,'anh_quan_ao/ao/ao_polo_cotton_pique.jpg','Summer',0,41,'2025-06-01 00:00:00','anh_phu_ao/ao_polo_cotton_pique_1.jpg','anh_phu_ao/ao_polo_cotton_pique_2.jpg','anh_phu_ao/ao_polo_cotton_pique_3.jpg','anh_phu_ao/ao_polo_cotton_pique_4.jpg',NULL,NULL,NULL),(1004,103,'Áo Hoodie Nỉ Phom Rộng','Áo hoodie có mũ, phom rộng thoải mái, nỉ bông dày dặn.',550000,'Xám tro, Kem, Đen','M, L, XL','Nỉ Bông (Fleece)',180,'anh_quan_ao/ao/ao_hoodie_ni_phom_rong.jpg','Winter',0,19,'2025-12-01 00:00:00','anh_phu_ao/ao_hoodie_ni_phom_rong_1.jpg','anh_phu_ao/ao_hoodie_ni_phom_rong_2.jpg','anh_phu_ao/ao_hoodie_ni_phom_rong_3.jpg','anh_phu_ao/ao_hoodie_ni_phom_rong_4.jpg',NULL,NULL,NULL),(1005,103,'Áo Khoác Gió Hai Lớp','Áo khoác ngoài nhẹ, chống nước nhẹ, có khóa kéo và mũ.',690000,'Xanh Navy, Be, Xám','S, M, L, XL','Polyester',100,'anh_quan_ao/ao/ao_khoac_gio_hai_lop.jpg','Winter',0,23,'2025-12-01 00:00:00','anh_phu_ao/ao_khoac_gio_hai_lop_1.jpg','anh_phu_ao/ao_khoac_gio_hai_lop_2.jpg','anh_phu_ao/ao_khoac_gio_hai_lop_3.jpg','anh_phu_ao/ao_khoac_gio_hai_lop_4.jpg',NULL,NULL,NULL),(1006,103,'Áo Len Mỏng Cổ Tròn','Áo len mỏng, form vừa, mềm mại, thoáng khí, phù hợp mùa thu.',320000,'Be, Nâu, Xám','S, M, L','Acrylic và Len',200,'anh_quan_ao/ao/ao_len_co_tron.jpg','Autumn',0,52,'2025-11-04 22:54:49','anh_phu_ao/ao_len_co_tron_1.jpg','anh_phu_ao/ao_len_co_tron_2.jpg','anh_phu_ao/ao_len_co_tron_3.jpg','anh_phu_ao/ao_len_co_tron_4.jpg','anh_mau/ao_len_co_tron_mau_da.jpg','anh_mau/ao_len_co_tron_mau_xanh.jpg','anh_mau/ao_len_co_tron_mau_xanh_la.jpg'),(1007,104,'Áo Len Cổ Tim','Áo len cổ tim, mỏng nhẹ, ấm áp khi mùa thu se lạnh.',360000,'Hồng, Be, Xám','S, M, L','Len Acrylic',210,'anh_quan_ao/ao/ao_len_co_tim.jpg','Spring',0,NULL,NULL,'anh_phu_ao/ao_len_co_tim_1.jpg','anh_phu_ao/ao_len_co_tim_2.jpg','anh_phu_ao/ao_len_co_tim_3.jpg','anh_phu_ao/ao_len_co_tim_4.jpg','anh_mau/ao_len_co_tim_mau_do.jpg','anh_mau/ao_len_co_tim_mau_xam.jpg','anh_mau/ao_len_co_tim_mau_xanh.jpg'),(1008,101,'Áo Thun Polo Ngắn Tay','Áo thun polo cổ bẻ, chất liệu cotton thoáng mát, form chuẩn.',270000,'Trắng, Xanh Dương, Đen','S, M, L, XL','Cotton 100%',220,'anh_quan_ao/ao/ao_thun_polo_ngan_tay.jpg','Summer',0,7,'2025-06-01 00:00:00','anh_phu_ao/ao_thun_polo_ngan_tay_1.jpg','anh_phu_ao/ao_thun_polo_ngan_tay_2.jpg','anh_phu_ao/ao_thun_polo_ngan_tay_3.jpg','anh_phu_ao/ao_thun_polo_ngan_tay_4.jpg',NULL,NULL,NULL),(1009,103,'Áo Khoác Cardigan Dài','Áo cardigan dệt kim dài, nhẹ nhàng, ấm áp, phong cách Hàn Quốc.',490000,'Xám, Đen, Be','S, M, L','Len tổng hợp',300,'anh_quan_ao/ao/ao_len_cardigan.jpg','Autumn',0,19,'2025-09-01 00:00:00','anh_phu_ao/ao_len_cardigan_1.jpg','anh_phu_ao/ao_len_cardigan_2.jpg','anh_phu_ao/ao_len_cardigan_3.jpg','anh_phu_ao/ao_len_cardigan_4.jpg',NULL,NULL,NULL),(1010,105,'Áo Khoác Phao Lông Vũ','Áo khoác phao dày, giữ nhiệt tốt, chống gió cho mùa đông.',850000,'Đen, Xanh Navy','M, L, XL','Lông Vũ + Polyester',600,'anh_quan_ao/ao/ao_khoac_phao_long_vu.jpg','Winter',0,25,'2025-03-01 00:00:00','anh_phu_ao/ao_khoac_phao_long_vu_1.jpg','anh_phu_ao/ao_khoac_phao_long_vu_2.jpg','anh_phu_ao/ao_khoac_phao_long_vu_3.jpg','anh_phu_ao/ao_khoac_phao_long_vu_4.jpg','anh_mau/ao_khoac_phao_long_vu_mau_be.jpg','anh_mau/ao_khoac_phao_long_vu_mau_den.jpg','anh_mau/ao_khoac_phao_long_vu_mau_trang.jpg'),(1011,102,'Sơ Mi Cộc Tay Kẻ Sọc','Áo Sơ mi ngắn tay, kẻ sọc thời trang, vải cotton thoáng mát.',330000,'Trắng, Xanh','S, M, L, XL','Cotton',180,'anh_quan_ao/ao/so_mi_coc_tay_ke_soc.jpeg','Summer',0,24,'2025-06-01 00:00:00','anh_phu_ao/so_mi_coc_tay_ke_soc_1.jpeg','anh_phu_ao/so_mi_coc_tay_ke_soc_2.jpeg','anh_phu_ao/so_mi_coc_tay_ke_soc_3.jpeg','anh_phu_ao/so_mi_coc_tay_ke_soc_4.jpeg',NULL,NULL,NULL),(1012,101,'Áo Thun Oversize','Áo thun form rộng, chất liệu mềm, thoáng khí, màu sắc trẻ trung.',250000,'Trắng, Đen, Hồng','S, M, L, XL','Cotton 100%',280,'anh_quan_ao/ao/ao_thun_oversize.jpg','Spring',0,9,'2025-03-01 00:00:00',NULL,NULL,NULL,NULL,NULL,NULL,NULL),(1015,102,'Sơ Mi Linen Tay Lửng','Áo Sơ mi tay lửng, chất liệu linen thoáng mát, phù hợp mùa xuân hè.',420000,'Be, Xanh Nhạt','S, M, L','Linen',130,'anh_quan_ao/ao/so_mi_linen_tay_lung.jpg','Spring',0,28,'2025-03-01 00:00:00',NULL,NULL,NULL,NULL,NULL,NULL,NULL),(1017,103,'Áo Hoodie Mỏng','Áo hoodie mỏng, form rộng, phù hợp mùa thu se lạnh.',500000,'Xám, Đen, Be','S, M, L, XL','Nỉ mỏng',170,'anh_quan_ao/ao/ao_hoodie_mong.jpg','Autumn',0,11,'2025-09-01 00:00:00','anh_phu_ao/ao_hoodie_mong_1.jpg','anh_phu_ao/ao_hoodie_mong_2.jpg','anh_phu_ao/ao_hoodie_mong_3.jpg','anh_phu_ao/ao_hoodie_mong_4.jpg',NULL,NULL,NULL),(1018,104,'Áo Len Cổ Lọ','Áo len cổ lọ, giữ ấm nhẹ, phong cách thanh lịch cho mùa đông.',400000,'Đen, Xám, Nâu','S, M, L','Len Acrylic',320,'anh_quan_ao/ao/ao_len_co_lo.jpg','Winter',0,NULL,NULL,'anh_phu_ao/ao_len_co_lo_1.jpg','anh_phu_ao/ao_len_co_lo_2.jpg','anh_phu_ao/ao_len_co_lo_3.jpg','anh_phu_ao/ao_len_co_lo_4.jpg','anh_mau/ao_len_co_lo_mau_den.jpg','anh_mau/ao_len_co_lo_mau_xam.jpg','anh_mau/ao_len_co_lo_mau_xanh.jpg'),(2001,201,'Quần Jeans Slim-fit','Quần jeans dáng đứng, tối giản, không rách.',650000,'Xanh Đậm, Đen','29, 30, 31, 32','Denim Co Giãn',200,'anh_quan_ao/quan/quan_jean_slim_fit.jpg','Spring',0,23,'2025-03-01 00:00:00','anh_phu_quan/quan_jean_slim_fit_1.jpg','anh_phu_quan/quan_jean_slim_fit_2.jpg','anh_phu_quan/quan_jean_slim_fit_3.jpg','anh_phu_quan/quan_jean_slim_fit_4.jpg',NULL,NULL,NULL),(2002,203,'Chân Váy Chữ A Cơ Bản','Chân váy ngắn chữ A, dễ phối đồ, cạp cao.',320000,'Đen, Trắng Ngà','S, M, L','Vải Tuyết Mưa',150,'anh_quan_ao/quan/chan_vay_chu_a.jpg','Spring',0,29,'2025-03-01 00:00:00','anh_phu_quan/chan_vay_chu_a_1.jpg','anh_phu_quan/chan_vay_chu_a_2.jpg','anh_phu_quan/chan_vay_chu_a_3.jpg','anh_phu_quan/chan_vay_chu_a_4.jpg',NULL,NULL,NULL),(2003,201,'Quần Jogger Thun Basic','Quần jogger bo gấu, lưng thun, có dây rút, thích hợp mặc nhà/tập luyện.',350000,'Đen, Xám Melange','S, M, L, XL','Cotton/Spandex',160,'anh_quan_ao/quan/quan_jogger_thun.jpg','Autumn',0,26,'2025-09-01 00:00:00','anh_phu_quan/quan_jogger_thun_1.jpg','anh_phu_quan/quan_jogger_thun_2.jpg','anh_phu_quan/quan_jogger_thun_3.jpg','anh_phu_quan/quan_jogger_thun_4.jpg',NULL,NULL,NULL),(2004,202,'Quần Short Kaki Phẳng','Quần short đứng dáng, độ dài trên gối, cạp phẳng.',280000,'Trắng ngà, Xanh mint','29, 30, 31, 32','Kaki',140,'anh_quan_ao/quan/quan_short_kaki.jpg','Spring',0,46,'2025-03-01 00:00:00','anh_phu_quan/quan_short_kaki_1.jpg','anh_phu_quan/quan_short_kaki_2.jpg','anh_phu_quan/quan_short_kaki_3.jpg','anh_phu_quan/quan_short_kaki_4.jpg',NULL,NULL,NULL),(2005,201,'Quần Jeans Ống Suông','Quần jeans ống suông, co giãn nhẹ, dáng rộng thoải mái.',380000,'Xanh Denim, Đen','29, 30, 31, 32','Denim Cotton',200,'anh_quan_ao/quan/quan_jeans_ong_suong.jpg','Autumn',0,48,'2025-09-01 00:00:00','anh_phu_quan/quan_jeans_ong_suong_1.jpg','anh_phu_quan/quan_jeans_ong_suong_2.jpg','anh_phu_quan/quan_jeans_ong_suong_3.jpg','anh_phu_quan/quan_jeans_ong_suong_4.jpg',NULL,NULL,NULL),(2006,201,'Quần Kaki Dài Mỏng','Quần kaki dài, mỏng nhẹ, thoáng khí, thích hợp mùa xuân/hè.',320000,'Be, Xanh Olive, Xám','29, 30, 31, 32','Kaki Cotton',180,'anh_quan_ao/quan/quan_kaki_mong.jpg','Spring',0,0,'2025-03-01 00:00:00','anh_phu_quan/quan_kaki_mong_1.jpg','anh_phu_quan/quan_kaki_mong_2.jpg','anh_phu_quan/quan_kaki_mong_3.jpg','anh_phu_quan/quan_kaki_mong_4.jpg',NULL,NULL,NULL),(2007,202,'Quần Short Thun Năng Động','Quần short thun, co giãn, form thoải mái, mùa hạ.',250000,'Xám, Đen, Xanh','S, M, L, XL','Cotton/Spandex',130,'anh_quan_ao/quan/quan_short_thun_nang_dong.jpg','Spring',0,12,'2025-03-01 00:00:00','anh_phu_quan/quan_short_thun_nang_dong_1.jpg','anh_phu_quan/quan_short_thun_nang_dong_2.jpg','anh_phu_quan/quan_short_thun_nang_dong_3.jpg','anh_phu_quan/quan_short_thun_nang_dong_4.jpg',NULL,NULL,NULL),(2008,203,'Chân Váy Suông Dài','Chân váy suông dài, thoáng mát, dễ phối đồ.',320000,'Xanh, Be, Nâu','S, M, L','Voan',150,'anh_quan_ao/quan/chan_vay_suong_dai.jpg','Spring',0,8,'2025-03-01 00:00:00','anh_phu_quan/chan_vay_suong_dai_1.jpg','anh_phu_quan/chan_vay_suong_dai_2.jpg','anh_phu_quan/chan_vay_suong_dai_3.jpg','anh_phu_quan/chan_vay_suong_dai_4.jpg',NULL,NULL,NULL),(2009,201,'Quần Jogger Nỉ Ấm','Quần jogger nỉ, giữ ấm, thích hợp mùa thu/đông.',400000,'Xám, Đen, Xanh Navy','S, M, L, XL','Nỉ Cotton',200,'anh_quan_ao/quan/quan_jogger_ni_am.jpg','Autumn',0,3,'2025-09-01 00:00:00','anh_phu_quan/quan_jogger_ni_am_1.jpg','anh_phu_quan/quan_jogger_ni_am_2.jpg','anh_phu_quan/quan_jogger_ni_am_3.jpg','anh_phu_quan/quan_jogger_ni_am_4.jpg',NULL,NULL,NULL),(2010,201,'Quần Jeans Ống Côn','Quần jeans ống côn, dáng ôm vừa, tối giản.',390000,'Xanh Denim, Đen','29, 30, 31, 32','Denim Cotton',210,'anh_quan_ao/quan/quan_jeans_ong_con.jpg','Winter',0,45,'2025-11-04 22:54:49','anh_phu_quan/quan_jeans_ong_con_1.jpg','anh_phu_quan/quan_jeans_ong_con_2.jpg','anh_phu_quan/quan_jeans_ong_con_3.jpg','anh_phu_quan/quan_jeans_ong_con_4.jpg','anh_phu_quan/quan_jeans_ong_con_mau_xanh_nhat.jpg','anh_phu_quan/quan_jeans_ong_con_6.jpg','anh_phu_quan/quan_jeans_ong_con_7.jpg'),(2011,201,'Quần Legging Nỉ','Quần legging nỉ, giữ ấm, dáng ôm, thích hợp mùa đông.',380000,'Đen, Xám','S, M, L, XL','Nỉ Cotton',180,'anh_quan_ao/quan/quan_legging_ni.jpg','Autumn',0,43,'2025-09-01 00:00:00','anh_phu_quan/quan_legging_ni_1.jpg','anh_phu_quan/quan_legging_ni_2.jpg','anh_phu_quan/quan_legging_ni_3.jpg','anh_phu_quan/quan_legging_ni_4.jpg',NULL,NULL,NULL),(2012,201,'Quần Dạ Ống Rộng','Quần dạ ống rộng, giữ ấm, phong cách thanh lịch.',500000,'Đen, Xám, Nâu','29, 30, 31, 32','Dạ + Polyester',250,'anh_quan_ao/quan/quan_da_ong_rong.jpg','Winter',0,7,'2025-11-04 22:54:49','anh_phu_quan/quan_da_ong_rong_1.jpg','anh_phu_quan/quan_da_ong_rong_2.jpg','anh_phu_quan/quan_da_ong_rong_3.jpg','anh_phu_quan/quan_da_ong_rong_4.jpg','anh_phu_quan/quan_da_ong_rong_mau_xanh.jpg','anh_phu_quan/quan_da_ong_rong_6.jpg','anh_phu_quan/quan_da_ong_rong_7.jpg'),(2013,203,'Chân Váy Dài Len','Chân váy len dài, giữ ấm, form suông thoải mái.',350000,'Be, Nâu, Xám','S, M, L','Len Acrylic',180,'anh_quan_ao/quan/chan_vay_dai_len.jpg','Autumn',0,5,'2025-09-01 00:00:00','anh_phu_quan/chan_vay_dai_len_1.jpg','anh_phu_quan/chan_vay_dai_len_2.jpg','anh_phu_quan/chan_vay_dai_len_3.jpg','anh_phu_quan/chan_vay_dai_len_4.jpg',NULL,NULL,NULL),(3001,301,'Ví Da Gấp Đôi Tối Giản','Phụ Kiện Ví da bò thật, thiết kế mỏng, chỉ có logo dập chìm.',390000,'Nâu Đậm, Đen','Free Size','Da Bò Thật',80,'anh_quan_ao/phu_kien/vi_gap_doi_toi_gian.jpg',NULL,0,49,'2025-08-30 14:38:27','anh_phu_phu_kien/vi_gap_doi_toi_gian_1.jpg','anh_phu_phu_kien/vi_gap_doi_toi_gian_2.jpg','anh_phu_phu_kien/vi_gap_doi_toi_gian_3.jpg','anh_phu_phu_kien/vi_gap_doi_toi_gian_4.jpg',NULL,NULL,NULL),(3002,302,'Thắt Lưng Da Khóa Cổ Điển','Phụ Kiện Dây nịt da trơn, khóa kim loại đơn giản.',480000,'Đen, Nâu','Free Size','Da Tổng Hợp',65,'anh_quan_ao/phu_kien/that_lung_da.jpg',NULL,0,24,'2025-07-30 14:38:27','anh_phu_phu_kien/that_lung_da_1.jpg','anh_phu_phu_kien/that_lung_da_2.jpg','anh_phu_phu_kien/that_lung_da_3.jpg','anh_phu_phu_kien/that_lung_da_4.jpg',NULL,NULL,NULL),(3003,301,'Túi Tote Vải Canvas Lớn','Phụ Kiện Túi vải canvas khổ lớn, quai đeo vai, in chữ tối giản.',150000,'Trắng, Đen','Free Size','Canvas dày',300,'anh_quan_ao/phu_kien/tui_tote_vai_canvas.jpg',NULL,0,25,'2025-08-02 14:38:27','anh_phu_phu_kien/tui_tote_vai_canvas_1.jpg','anh_phu_phu_kien/tui_tote_vai_canvas_2.jpg','anh_phu_phu_kien/tui_tote_vai_canvas_3.jpg','anh_phu_phu_kien/tui_tote_vai_canvas_4.jpg',NULL,NULL,NULL),(3004,302,'Mũ Lưỡi Trai Cotton Trơn','Phụ Kiện Mũ lưỡi trai trơn, không logo, có thể điều chỉnh phía sau.',120000,'Đen, Trắng, Nâu','Free Size','Cotton',220,'anh_quan_ao/phu_kien/mu_luoi_trai.jpg',NULL,0,3,'2025-08-15 14:38:27','anh_phu_phu_kien/mu_luoi_trai_1.jpg','anh_phu_phu_kien/mu_luoi_trai_2.jpg','anh_phu_phu_kien/mu_luoi_trai_3.jpg','anh_phu_phu_kien/mu_luoi_trai_4.jpg',NULL,NULL,NULL),(3005,302,'Vớ Cổ Cao Basic (Pack 3)','Phụ Kiện Bộ 3 đôi vớ, chất liệu co giãn, thấm hút mồ hôi.',99000,'Trắng, Xám, Đen','Free Size','Cotton, Spandex',500,'anh_quan_ao/phu_kien/vo_cao_co_pack3.jpg',NULL,0,43,'2025-10-14 14:38:27',NULL,NULL,NULL,NULL,NULL,NULL,NULL),(3006,301,'Túi Đeo Chéo Mini','Túi đeo chéo nhỏ gọn, phong cách casual, nhiều ngăn.',220000,'Đen, Xám, Nâu','Free Size','Canvas + Polyester',250,'anh_quan_ao/phu_kien/tui_deo_cheo_mini.jpg','Spring',0,22,'2025-11-04 22:54:49','anh_phu_phu_kien/tui_deo_cheo_mini_1.jpg','anh_phu_phu_kien/tui_deo_cheo_mini_2.jpg','anh_phu_phu_kien/tui_deo_cheo_mini_3.jpg','anh_phu_phu_kien/tui_deo_cheo_mini_4.jpg','anh_phu_phu_kien/tui_deo_cheo_mini_mau_nau.jpg','anh_phu_phu_kien/tui_deo_cheo_mini_6.jpg','anh_phu_phu_kien/tui_deo_cheo_mini_7.jpg'),(3007,301,'Túi Đeo Vai Da Tổng Hợp','Túi da tổng hợp, quai da dài, phong cách tối giản.',350000,'Đen, Nâu','Free Size','Da Tổng Hợp',300,'anh_quan_ao/phu_kien/tui_deo_vai_da.jpg','Autumn',0,28,'2025-11-04 22:54:49','anh_phu_phu_kien/tui_deo_vai_da_1.jpg','anh_phu_phu_kien/tui_deo_vai_da_2.jpg','anh_phu_phu_kien/tui_deo_vai_da_3.jpg','anh_phu_phu_kien/tui_deo_vai_da_4.jpg','anh_phu_phu_kien/tui_deo_vai_da_mau_do.jpg','anh_phu_phu_kien/tui_deo_vai_da_mau_trang.jpg','anh_phu_phu_kien/tui_deo_vai_da_7.jpg'),(3008,302,'Mũ Beanie Len','Mũ beanie chất liệu len acrylic, giữ ấm mùa đông.',180000,'Đen, Xám, Nâu','Free Size','Len Acrylic',120,'anh_quan_ao/phu_kien/mu_beanie_len.jpg','Autumn',0,13,'2025-11-04 22:54:49','anh_phu_phu_kien/mu_beanie_len_1.jpg','anh_phu_phu_kien/mu_beanie_len_2.jpg','anh_phu_phu_kien/mu_beanie_len_3.jpg','anh_phu_phu_kien/mu_beanie_len_4.jpg','anh_phu_phu_kien/mu_beanie_len_mau_den.jpg','anh_phu_phu_kien/mu_beanie_len_mau_do.jpg','anh_phu_phu_kien/mu_beanie_len_7.jpg'),(3009,302,'Thắt Lưng Da Khóa Kim Loại','Dây nịt da thật, khóa kim loại sang trọng.',520000,'Đen, Nâu','Free Size','Da Bò Thật',70,'anh_quan_ao/phu_kien/that_lung_da_khoa_kim_loai.jpg','Autumn',0,42,'2025-11-04 22:54:49','anh_phu_phu_kien/that_lung_da_khoa_kim_loai_1.jpg','anh_phu_phu_kien/that_lung_da_khoa_kim_loai_2.jpg','anh_phu_phu_kien/that_lung_da_khoa_kim_loai_3.jpg','anh_phu_phu_kien/that_lung_da_khoa_kim_loai_4.jpg','anh_phu_phu_kien/that_lung_da_khoa_kim_loai_mau_den.jpg','anh_phu_phu_kien/that_lung_da_khoa_kim_loai_6.jpg','anh_phu_phu_kien/that_lung_da_khoa_kim_loai_7.jpg'),(3010,302,'Vớ Ngắn Cotton Basic (Pack 5)','Bộ 5 đôi vớ ngắn, co giãn tốt, thấm hút mồ hôi.',120000,'Trắng, Xám, Đen','Free Size','Cotton + Spandex',400,'anh_quan_ao/phu_kien/vo_ngan_cotton_pack5.jpg','Autumn',0,49,'2025-11-04 22:54:49','anh_phu_phu_kien/vo_ngan_cotton_pack5_1.jpg','anh_phu_phu_kien/vo_ngan_cotton_pack5_2.jpg','anh_phu_phu_kien/vo_ngan_cotton_pack5_3.jpg','anh_phu_phu_kien/vo_ngan_cotton_pack5_4.jpg','anh_phu_phu_kien/vo_ngan_cotton_pack5_mau_xam.jpg','anh_phu_phu_kien/vo_ngan_cotton_pack5_6.jpg','anh_phu_phu_kien/vo_ngan_cotton_pack5_7.jpg'),(3011,301,'Túi Đeo Hông Thời Trang','Túi đeo hông nhỏ gọn, dây điều chỉnh, phong cách năng động.',200000,'Đen, Xanh Olive','Free Size','Polyester',180,'anh_quan_ao/phu_kien/tui_deo_hong_thoi_trang.jpg','Winter',0,59,'2025-11-04 22:54:49','anh_phu_phu_kien/tui_deo_hong_thoi_trang_1.jpg','anh_phu_phu_kien/tui_deo_hong_thoi_trang_2.jpg','anh_phu_phu_kien/tui_deo_hong_thoi_trang_3.jpg','anh_phu_phu_kien/tui_deo_hong_thoi_trang_4.jpg','anh_phu_phu_kien/tui_deo_hong_thoi_trang_mau_xanh.jpg','anh_phu_phu_kien/tui_deo_hong_thoi_trang_6.jpg','anh_phu_phu_kien/tui_deo_hong_thoi_trang_7.jpg'),(3012,301,'Túi Đeo Vai Mini','Túi mini, quai đeo vai, thích hợp đi chơi hoặc đi làm.',190000,'Đen, Be','Free Size','Canvas + Polyester',160,'anh_quan_ao/phu_kien/tui_deo_vai_mini.jpg','Winter',0,25,'2025-11-04 22:54:49','anh_phu_phu_kien/tui_deo_vai_mini_1.jpg','anh_phu_phu_kien/tui_deo_vai_mini_2.jpg','anh_phu_phu_kien/tui_deo_vai_mini_3.jpg','anh_phu_phu_kien/tui_deo_vai_mini_4.jpg','anh_phu_phu_kien/tui_deo_vai_mini_mau_den.jpg','anh_phu_phu_kien/tui_deo_vai_mini_6.jpg','anh_phu_phu_kien/tui_deo_vai_mini_7.jpg'),(3013,302,'Mũ Snapback Thể Thao','Mũ snapback, điều chỉnh size phía sau, phong cách năng động.',150000,'Đen, Xanh Navy, Trắng','Free Size','Cotton',220,'anh_quan_ao/phu_kien/mu_snapback_the_thao.jpg','Winter',0,11,'2025-11-04 22:54:49','anh_phu_phu_kien/mu_snapback_the_thao_1.jpg','anh_phu_phu_kien/mu_snapback_the_thao_2.jpg','anh_phu_phu_kien/mu_snapback_the_thao_3.jpg','anh_phu_phu_kien/mu_snapback_the_thao_4.jpg','anh_phu_phu_kien/mu_snapback_the_thao_mau_do.jpg','anh_phu_phu_kien/mu_snapback_the_thao_mau_tim.jpg','anh_phu_phu_kien/mu_snapback_the_thao_mau_xam.jpg'),(3014,302,'Vớ Cổ Cao Thời Trang (Pack 3)','Bộ 3 đôi vớ cổ cao, chất liệu co giãn, thấm hút mồ hôi.',95000,'Trắng, Xám, Đen','Free Size','Cotton + Spandex',350,'anh_quan_ao/phu_kien/vo_cao_co_pack3.jpg','Winter',0,37,'2025-11-04 22:54:49','anh_phu_phu_kien/vo_cao_co_pack3_1.jpg','anh_phu_phu_kien/vo_cao_co_pack3_2.jpg','anh_phu_phu_kien/vo_cao_co_pack3_3.jpg','anh_phu_phu_kien/vo_cao_co_pack3_4.jpg','anh_phu_phu_kien/vo_cao_co_pack3_mau_trang.jpg','anh_phu_phu_kien/vo_cao_co_pack3_6.jpg','anh_phu_phu_kien/vo_cao_co_pack3_7.jpg');
/*!40000 ALTER TABLE `SanPham` ENABLE KEYS */;
UNLOCK TABLES;

--
-- Table structure for table `SanPhamMau`
--

DROP TABLE IF EXISTS `SanPhamMau`;
/*!40101 SET @saved_cs_client     = @@character_set_client */;
/*!50503 SET character_set_client = utf8mb4 */;
CREATE TABLE `SanPhamMau` (
  `id` int NOT NULL,
  `id_sanpham` int DEFAULT NULL,
  `tenmau` varchar(100) DEFAULT NULL,
  `url_anh1` varchar(255) DEFAULT NULL,
  `url_anh2` varchar(255) DEFAULT NULL,
  `url_anh3` varchar(255) DEFAULT NULL,
  PRIMARY KEY (`id`),
  KEY `FK_SPMau_SanPham` (`id_sanpham`),
  CONSTRAINT `FK_SPMau_SanPham` FOREIGN KEY (`id_sanpham`) REFERENCES `SanPham` (`MaSP`),
  CONSTRAINT `sanphammau_ibfk_1` FOREIGN KEY (`id_sanpham`) REFERENCES `SanPham` (`MaSP`)
) ENGINE=InnoDB DEFAULT CHARSET=utf8mb4 COLLATE=utf8mb4_0900_ai_ci;
/*!40101 SET character_set_client = @saved_cs_client */;

--
-- Dumping data for table `SanPhamMau`
--

LOCK TABLES `SanPhamMau` WRITE;
/*!40000 ALTER TABLE `SanPhamMau` DISABLE KEYS */;
INSERT INTO `SanPhamMau` VALUES (1,1012,'Trắng','anh_quan_ao/anh_mau/ao_thun_oversize_trang_1.jpg','anh_quan_ao/anh_mau/ao_thun_oversize_trang_2.jpg','anh_quan_ao/anh_mau/ao_thun_oversize_trang_3.jpg'),(2,1012,'Đen','anh_quan_ao/anh_mau/ao_thun_oversize_den_1.jpg','anh_quan_ao/anh_mau/ao_thun_oversize_den_2.jpg','anh_quan_ao/anh_mau/ao_thun_oversize_den_3.jpg'),(3,1012,'Hồng','anh_quan_ao/anh_mau/ao_thun_oversize_hong_1.jpg','anh_quan_ao/anh_mau/ao_thun_oversize_hong_2.jpg','anh_quan_ao/anh_mau/ao_thun_oversize_hong_3.jpg'),(4,1015,'Be','anh_quan_ao/anh_mau/so_mi_linen_tay_lung_be_1.jpg','anh_quan_ao/anh_mau/so_mi_linen_tay_lung_be_2.jpg','anh_quan_ao/anh_mau/so_mi_linen_tay_lung_be_3.jpg'),(5,1015,'Xanh Nhạt','anh_quan_ao/anh_mau/so_mi_linen_tay_lung_xanhnhat_1.jpg','anh_quan_ao/anh_mau/so_mi_linen_tay_lung_xanhnhat_2.jpg','anh_quan_ao/anh_mau/so_mi_linen_tay_lung_xanhnhat_3.jpg'),(6,1007,'Hồng','anh_quan_ao/anh_mau/ao_len_co_tim_hong_1.jpg','anh_quan_ao/anh_mau/ao_len_co_tim_hong_2.jpg','anh_quan_ao/anh_mau/ao_len_co_tim_hong_3.jpg'),(7,1007,'Be','anh_quan_ao/anh_mau/ao_len_co_tim_be_1.jpg','anh_quan_ao/anh_mau/ao_len_co_tim_be_2.jpg','anh_quan_ao/anh_mau/ao_len_co_tim_be_3.jpg'),(8,1007,'Xám','anh_quan_ao/anh_mau/ao_len_co_tim_xam_1.jpg','anh_quan_ao/anh_mau/ao_len_co_tim_xam_2.jpg','anh_quan_ao/anh_mau/ao_len_co_tim_xam_3.jpg'),(9,1001,'Trắng','anh_quan_ao/anh_mau/ao_thun_cotton_basic_trang_1.jpg','anh_quan_ao/anh_mau/ao_thun_cotton_basic_trang_2.jpg','anh_quan_ao/anh_mau/ao_thun_cotton_basic_trang_3.jpg'),(10,1001,'Đen','anh_quan_ao/anh_mau/ao_thun_cotton_basic_den_1.jpg','anh_quan_ao/anh_mau/ao_thun_cotton_basic_den_2.jpg','anh_quan_ao/anh_mau/ao_thun_cotton_basic_den_3.jpg'),(11,1001,'Xám','anh_quan_ao/anh_mau/ao_thun_cotton_basic_xam_1.jpg','anh_quan_ao/anh_mau/ao_thun_cotton_basic_xam_2.jpg','anh_quan_ao/anh_mau/ao_thun_cotton_basic_xam_3.jpg'),(12,1002,'Be','anh_quan_ao/anh_mau/so_mi_linen_co_dien_be_1.jpg','anh_quan_ao/anh_mau/so_mi_linen_co_dien_be_2.jpg','anh_quan_ao/anh_mau/so_mi_linen_co_dien_be_3.jpg'),(13,1002,'Xanh Navy','anh_quan_ao/anh_mau/so_mi_linen_co_dien_xanhnavy_1.jpg','anh_quan_ao/anh_mau/so_mi_linen_co_dien_xanhnavy_2.jpg','anh_quan_ao/anh_mau/so_mi_linen_co_dien_xanhnavy_3.jpg'),(14,1012,'Trắng','anh_quan_ao/anh_mau/ao_thun_oversize_trang_1.jpg','anh_quan_ao/anh_mau/ao_thun_oversize_trang_2.jpg','anh_quan_ao/anh_mau/ao_thun_oversize_trang_3.jpg'),(15,1012,'Đen','anh_quan_ao/anh_mau/ao_thun_oversize_den_1.jpg','anh_quan_ao/anh_mau/ao_thun_oversize_den_2.jpg','anh_quan_ao/anh_mau/ao_thun_oversize_den_3.jpg'),(16,1012,'Hồng','anh_quan_ao/anh_mau/ao_thun_oversize_hong_1.jpg','anh_quan_ao/anh_mau/ao_thun_oversize_hong_2.jpg','anh_quan_ao/anh_mau/ao_thun_oversize_hong_3.jpg'),(17,1015,'Be','anh_quan_ao/anh_mau/so_mi_linen_tay_lung_be_1.jpg','anh_quan_ao/anh_mau/so_mi_linen_tay_lung_be_2.jpg','anh_quan_ao/anh_mau/so_mi_linen_tay_lung_be_3.jpg'),(18,1015,'Xanh Nhạt','anh_quan_ao/anh_mau/so_mi_linen_tay_lung_xanhnhat_1.jpg','anh_quan_ao/anh_mau/so_mi_linen_tay_lung_xanhnhat_2.jpg','anh_quan_ao/anh_mau/so_mi_linen_tay_lung_xanhnhat_3.jpg'),(19,1007,'Hồng','anh_quan_ao/anh_mau/ao_len_co_tim_hong_1.jpg','anh_quan_ao/anh_mau/ao_len_co_tim_hong_2.jpg','anh_quan_ao/anh_mau/ao_len_co_tim_hong_3.jpg'),(20,1007,'Be','anh_quan_ao/anh_mau/ao_len_co_tim_be_1.jpg','anh_quan_ao/anh_mau/ao_len_co_tim_be_2.jpg','anh_quan_ao/anh_mau/ao_len_co_tim_be_3.jpg'),(21,1007,'Xám','anh_quan_ao/anh_mau/ao_len_co_tim_xam_1.jpg','anh_quan_ao/anh_mau/ao_len_co_tim_xam_2.jpg','anh_quan_ao/anh_mau/ao_len_co_tim_xam_3.jpg'),(22,1001,'Trắng','anh_quan_ao/anh_mau/ao_thun_cotton_basic_trang_1.jpg','anh_quan_ao/anh_mau/ao_thun_cotton_basic_trang_2.jpg','anh_quan_ao/anh_mau/ao_thun_cotton_basic_trang_3.jpg'),(23,1001,'Đen','anh_quan_ao/anh_mau/ao_thun_cotton_basic_den_1.jpg','anh_quan_ao/anh_mau/ao_thun_cotton_basic_den_2.jpg','anh_quan_ao/anh_mau/ao_thun_cotton_basic_den_3.jpg'),(24,1001,'Xám','anh_quan_ao/anh_mau/ao_thun_cotton_basic_xam_1.jpg','anh_quan_ao/anh_mau/ao_thun_cotton_basic_xam_2.jpg','anh_quan_ao/anh_mau/ao_thun_cotton_basic_xam_3.jpg'),(25,1002,'Be','anh_quan_ao/anh_mau/so_mi_linen_co_dien_be_1.jpg','anh_quan_ao/anh_mau/so_mi_linen_co_dien_be_2.jpg','anh_quan_ao/anh_mau/so_mi_linen_co_dien_be_3.jpg'),(26,1002,'Xanh Navy','anh_quan_ao/anh_mau/so_mi_linen_co_dien_xanhnavy_1.jpg','anh_quan_ao/anh_mau/so_mi_linen_co_dien_xanhnavy_2.jpg','anh_quan_ao/anh_mau/so_mi_linen_co_dien_xanhnavy_3.jpg'),(27,1003,'Đen','anh_quan_ao/anh_mau/ao_polo_cotton_pique_den_1.jpg','anh_quan_ao/anh_mau/ao_polo_cotton_pique_den_2.jpg','anh_quan_ao/anh_mau/ao_polo_cotton_pique_den_3.jpg'),(28,1003,'Trắng','anh_quan_ao/anh_mau/ao_polo_cotton_pique_trang_1.jpg','anh_quan_ao/anh_mau/ao_polo_cotton_pique_trang_2.jpg','anh_quan_ao/anh_mau/ao_polo_cotton_pique_trang_3.jpg'),(29,1003,'Xanh rêu','anh_quan_ao/anh_mau/ao_polo_cotton_pique_xanhreu_1.jpg','anh_quan_ao/anh_mau/ao_polo_cotton_pique_xanhreu_2.jpg','anh_quan_ao/anh_mau/ao_polo_cotton_pique_xanhreu_3.jpg'),(30,1008,'Trắng','anh_quan_ao/anh_mau/ao_thun_polo_ngan_tay_trang_1.jpg','anh_quan_ao/anh_mau/ao_thun_polo_ngan_tay_trang_2.jpg','anh_quan_ao/anh_mau/ao_thun_polo_ngan_tay_trang_3.jpg'),(31,1008,'Xanh Dương','anh_quan_ao/anh_mau/ao_thun_polo_ngan_tay_xanhduong_1.jpg','anh_quan_ao/anh_mau/ao_thun_polo_ngan_tay_xanhduong_2.jpg','anh_quan_ao/anh_mau/ao_thun_polo_ngan_tay_xanhduong_3.jpg'),(32,1008,'Đen','anh_quan_ao/anh_mau/ao_thun_polo_ngan_tay_den_1.jpg','anh_quan_ao/anh_mau/ao_thun_polo_ngan_tay_den_2.jpg','anh_quan_ao/anh_mau/ao_thun_polo_ngan_tay_den_3.jpg'),(33,1011,'Trắng','anh_quan_ao/anh_mau/so_mi_coc_tay_ke_soc_trang_1.jpg','anh_quan_ao/anh_mau/so_mi_coc_tay_ke_soc_trang_2.jpg','anh_quan_ao/anh_mau/so_mi_coc_tay_ke_soc_trang_3.jpg'),(34,1011,'Xanh','anh_quan_ao/anh_mau/so_mi_coc_tay_ke_soc_xanh_1.jpg','anh_quan_ao/anh_mau/so_mi_coc_tay_ke_soc_xanh_2.jpg','anh_quan_ao/anh_mau/so_mi_coc_tay_ke_soc_xanh_3.jpg'),(35,1006,'Be','anh_quan_ao/anh_mau/ao_len_mong_co_tron_be_1.jpg','anh_quan_ao/anh_mau/ao_len_mong_co_tron_be_2.jpg','anh_quan_ao/anh_mau/ao_len_mong_co_tron_be_3.jpg'),(36,1006,'Nâu','anh_quan_ao/anh_mau/ao_len_mong_co_tron_nau_1.jpg','anh_quan_ao/anh_mau/ao_len_mong_co_tron_nau_2.jpg','anh_quan_ao/anh_mau/ao_len_mong_co_tron_nau_3.jpg'),(37,1006,'Xám','anh_quan_ao/anh_mau/ao_len_mong_co_tron_xam_1.jpg','anh_quan_ao/anh_mau/ao_len_mong_co_tron_xam_2.jpg','anh_quan_ao/anh_mau/ao_len_mong_co_tron_xam_3.jpg'),(38,1009,'Xám','anh_quan_ao/anh_mau/ao_khoac_cardigan_dai_xam_1.jpg','anh_quan_ao/anh_mau/ao_khoac_cardigan_dai_xam_2.jpg','anh_quan_ao/anh_mau/ao_khoac_cardigan_dai_xam_3.jpg'),(39,1009,'Đen','anh_quan_ao/anh_mau/ao_khoac_cardigan_dai_den_1.jpg','anh_quan_ao/anh_mau/ao_khoac_cardigan_dai_den_2.jpg','anh_quan_ao/anh_mau/ao_khoac_cardigan_dai_den_3.jpg'),(40,1009,'Be','anh_quan_ao/anh_mau/ao_khoac_cardigan_dai_be_1.jpg','anh_quan_ao/anh_mau/ao_khoac_cardigan_dai_be_2.jpg','anh_quan_ao/anh_mau/ao_khoac_cardigan_dai_be_3.jpg'),(44,1012,'Trắng','anh_quan_ao/anh_mau/ao_thun_oversize_trang_1.jpg','anh_quan_ao/anh_mau/ao_thun_oversize_trang_2.jpg','anh_quan_ao/anh_mau/ao_thun_oversize_trang_3.jpg'),(45,1012,'Đen','anh_quan_ao/anh_mau/ao_thun_oversize_den_1.jpg','anh_quan_ao/anh_mau/ao_thun_oversize_den_2.jpg','anh_quan_ao/anh_mau/ao_thun_oversize_den_3.jpg'),(46,1012,'Hồng','anh_quan_ao/anh_mau/ao_thun_oversize_hong_1.jpg','anh_quan_ao/anh_mau/ao_thun_oversize_hong_2.jpg','anh_quan_ao/anh_mau/ao_thun_oversize_hong_3.jpg'),(47,1015,'Be','anh_quan_ao/anh_mau/so_mi_linen_tay_lung_be_1.jpg','anh_quan_ao/anh_mau/so_mi_linen_tay_lung_be_2.jpg','anh_quan_ao/anh_mau/so_mi_linen_tay_lung_be_3.jpg'),(48,1015,'Xanh Nhạt','anh_quan_ao/anh_mau/so_mi_linen_tay_lung_xanhnhat_1.jpg','anh_quan_ao/anh_mau/so_mi_linen_tay_lung_xanhnhat_2.jpg','anh_quan_ao/anh_mau/so_mi_linen_tay_lung_xanhnhat_3.jpg'),(49,1007,'Hồng','anh_quan_ao/anh_mau/ao_len_co_tim_hong_1.jpg','anh_quan_ao/anh_mau/ao_len_co_tim_hong_2.jpg','anh_quan_ao/anh_mau/ao_len_co_tim_hong_3.jpg'),(50,1007,'Be','anh_quan_ao/anh_mau/ao_len_co_tim_be_1.jpg','anh_quan_ao/anh_mau/ao_len_co_tim_be_2.jpg','anh_quan_ao/anh_mau/ao_len_co_tim_be_3.jpg'),(51,1007,'Xám','anh_quan_ao/anh_mau/ao_len_co_tim_xam_1.jpg','anh_quan_ao/anh_mau/ao_len_co_tim_xam_2.jpg','anh_quan_ao/anh_mau/ao_len_co_tim_xam_3.jpg'),(52,1001,'Trắng','anh_quan_ao/anh_mau/ao_thun_cotton_basic_trang_1.jpg','anh_quan_ao/anh_mau/ao_thun_cotton_basic_trang_2.jpg','anh_quan_ao/anh_mau/ao_thun_cotton_basic_trang_3.jpg'),(53,1001,'Đen','anh_quan_ao/anh_mau/ao_thun_cotton_basic_den_1.jpg','anh_quan_ao/anh_mau/ao_thun_cotton_basic_den_2.jpg','anh_quan_ao/anh_mau/ao_thun_cotton_basic_den_3.jpg'),(54,1001,'Xám','anh_quan_ao/anh_mau/ao_thun_cotton_basic_xam_1.jpg','anh_quan_ao/anh_mau/ao_thun_cotton_basic_xam_2.jpg','anh_quan_ao/anh_mau/ao_thun_cotton_basic_xam_3.jpg'),(55,1002,'Be','anh_quan_ao/anh_mau/so_mi_linen_co_dien_be_1.jpg','anh_quan_ao/anh_mau/so_mi_linen_co_dien_be_2.jpg','anh_quan_ao/anh_mau/so_mi_linen_co_dien_be_3.jpg'),(56,1002,'Xanh Navy','anh_quan_ao/anh_mau/so_mi_linen_co_dien_xanhnavy_1.jpg','anh_quan_ao/anh_mau/so_mi_linen_co_dien_xanhnavy_2.jpg','anh_quan_ao/anh_mau/so_mi_linen_co_dien_xanhnavy_3.jpg'),(57,1003,'Đen','anh_quan_ao/anh_mau/ao_polo_cotton_pique_den_1.jpg','anh_quan_ao/anh_mau/ao_polo_cotton_pique_den_2.jpg','anh_quan_ao/anh_mau/ao_polo_cotton_pique_den_3.jpg'),(58,1003,'Trắng','anh_quan_ao/anh_mau/ao_polo_cotton_pique_trang_1.jpg','anh_quan_ao/anh_mau/ao_polo_cotton_pique_trang_2.jpg','anh_quan_ao/anh_mau/ao_polo_cotton_pique_trang_3.jpg'),(59,1003,'Xanh rêu','anh_quan_ao/anh_mau/ao_polo_cotton_pique_xanhreu_1.jpg','anh_quan_ao/anh_mau/ao_polo_cotton_pique_xanhreu_2.jpg','anh_quan_ao/anh_mau/ao_polo_cotton_pique_xanhreu_3.jpg'),(60,1008,'Trắng','anh_quan_ao/anh_mau/ao_thun_polo_ngan_tay_trang_1.jpg','anh_quan_ao/anh_mau/ao_thun_polo_ngan_tay_trang_2.jpg','anh_quan_ao/anh_mau/ao_thun_polo_ngan_tay_trang_3.jpg'),(61,1008,'Xanh Dương','anh_quan_ao/anh_mau/ao_thun_polo_ngan_tay_xanhduong_1.jpg','anh_quan_ao/anh_mau/ao_thun_polo_ngan_tay_xanhduong_2.jpg','anh_quan_ao/anh_mau/ao_thun_polo_ngan_tay_xanhduong_3.jpg'),(62,1008,'Đen','anh_quan_ao/anh_mau/ao_thun_polo_ngan_tay_den_1.jpg','anh_quan_ao/anh_mau/ao_thun_polo_ngan_tay_den_2.jpg','anh_quan_ao/anh_mau/ao_thun_polo_ngan_tay_den_3.jpg'),(63,1011,'Trắng','anh_quan_ao/anh_mau/so_mi_coc_tay_ke_soc_trang_1.jpg','anh_quan_ao/anh_mau/so_mi_coc_tay_ke_soc_trang_2.jpg','anh_quan_ao/anh_mau/so_mi_coc_tay_ke_soc_trang_3.jpg'),(64,1011,'Xanh','anh_quan_ao/anh_mau/so_mi_coc_tay_ke_soc_xanh_1.jpg','anh_quan_ao/anh_mau/so_mi_coc_tay_ke_soc_xanh_2.jpg','anh_quan_ao/anh_mau/so_mi_coc_tay_ke_soc_xanh_3.jpg'),(65,1006,'Be','anh_quan_ao/anh_mau/ao_len_mong_co_tron_be_1.jpg','anh_quan_ao/anh_mau/ao_len_mong_co_tron_be_2.jpg','anh_quan_ao/anh_mau/ao_len_mong_co_tron_be_3.jpg'),(66,1006,'Nâu','anh_quan_ao/anh_mau/ao_len_mong_co_tron_nau_1.jpg','anh_quan_ao/anh_mau/ao_len_mong_co_tron_nau_2.jpg','anh_quan_ao/anh_mau/ao_len_mong_co_tron_nau_3.jpg'),(67,1006,'Xám','anh_quan_ao/anh_mau/ao_len_mong_co_tron_xam_1.jpg','anh_quan_ao/anh_mau/ao_len_mong_co_tron_xam_2.jpg','anh_quan_ao/anh_mau/ao_len_mong_co_tron_xam_3.jpg'),(68,1009,'Xám','anh_quan_ao/anh_mau/ao_khoac_cardigan_dai_xam_1.jpg','anh_quan_ao/anh_mau/ao_khoac_cardigan_dai_xam_2.jpg','anh_quan_ao/anh_mau/ao_khoac_cardigan_dai_xam_3.jpg'),(69,1009,'Đen','anh_quan_ao/anh_mau/ao_khoac_cardigan_dai_den_1.jpg','anh_quan_ao/anh_mau/ao_khoac_cardigan_dai_den_2.jpg','anh_quan_ao/anh_mau/ao_khoac_cardigan_dai_den_3.jpg'),(70,1009,'Be','anh_quan_ao/anh_mau/ao_khoac_cardigan_dai_be_1.jpg','anh_quan_ao/anh_mau/ao_khoac_cardigan_dai_be_2.jpg','anh_quan_ao/anh_mau/ao_khoac_cardigan_dai_be_3.jpg'),(74,1017,'Xám','anh_quan_ao/anh_mau/ao_hoodie_mong_xam_1.jpg','anh_quan_ao/anh_mau/ao_hoodie_mong_xam_2.jpg','anh_quan_ao/anh_mau/ao_hoodie_mong_xam_3.jpg'),(75,1017,'Đen','anh_quan_ao/anh_mau/ao_hoodie_mong_den_1.jpg','anh_quan_ao/anh_mau/ao_hoodie_mong_den_2.jpg','anh_quan_ao/anh_mau/ao_hoodie_mong_den_3.jpg'),(76,1017,'Be','anh_quan_ao/anh_mau/ao_hoodie_mong_be_1.jpg','anh_quan_ao/anh_mau/ao_hoodie_mong_be_2.jpg','anh_quan_ao/anh_mau/ao_hoodie_mong_be_3.jpg'),(77,1004,'Xám tro','anh_quan_ao/anh_mau/ao_hoodie_ni_phom_rong_xamtro_1.jpg','anh_quan_ao/anh_mau/ao_hoodie_ni_phom_rong_xamtro_2.jpg','anh_quan_ao/anh_mau/ao_hoodie_ni_phom_rong_xamtro_3.jpg'),(78,1004,'Kem','anh_quan_ao/anh_mau/ao_hoodie_ni_phom_rong_kem_1.jpg','anh_quan_ao/anh_mau/ao_hoodie_ni_phom_rong_kem_2.jpg','anh_quan_ao/anh_mau/ao_hoodie_ni_phom_rong_kem_3.jpg'),(79,1004,'Đen','anh_quan_ao/anh_mau/ao_hoodie_ni_phom_rong_den_1.jpg','anh_quan_ao/anh_mau/ao_hoodie_ni_phom_rong_den_2.jpg','anh_quan_ao/anh_mau/ao_hoodie_ni_phom_rong_den_3.jpg'),(80,1005,'Xanh Navy','anh_quan_ao/anh_mau/ao_khoac_gio_hai_lop_xanhnavy_1.jpg','anh_quan_ao/anh_mau/ao_khoac_gio_hai_lop_xanhnavy_2.jpg','anh_quan_ao/anh_mau/ao_khoac_gio_hai_lop_xanhnavy_3.jpg'),(81,1005,'Be','anh_quan_ao/anh_mau/ao_khoac_gio_hai_lop_be_1.jpg','anh_quan_ao/anh_mau/ao_khoac_gio_hai_lop_be_2.jpg','anh_quan_ao/anh_mau/ao_khoac_gio_hai_lop_be_3.jpg'),(82,1005,'Xám','anh_quan_ao/anh_mau/ao_khoac_gio_hai_lop_xam_1.jpg','anh_quan_ao/anh_mau/ao_khoac_gio_hai_lop_xam_2.jpg','anh_quan_ao/anh_mau/ao_khoac_gio_hai_lop_xam_3.jpg'),(83,1010,'Đen','anh_quan_ao/anh_mau/ao_khoac_phao_long_vu_den_1.jpg','anh_quan_ao/anh_mau/ao_khoac_phao_long_vu_den_2.jpg','anh_quan_ao/anh_mau/ao_khoac_phao_long_vu_den_3.jpg'),(84,1010,'Xanh Navy','anh_quan_ao/anh_mau/ao_khoac_phao_long_vu_xanhnavy_1.jpg','anh_quan_ao/anh_mau/ao_khoac_phao_long_vu_xanhnavy_2.jpg','anh_quan_ao/anh_mau/ao_khoac_phao_long_vu_xanhnavy_3.jpg'),(87,1018,'Đen','anh_quan_ao/anh_mau/ao_len_co_lo_den_1.jpg','anh_quan_ao/anh_mau/ao_len_co_lo_den_2.jpg','anh_quan_ao/anh_mau/ao_len_co_lo_den_3.jpg'),(88,1018,'Xám','anh_quan_ao/anh_mau/ao_len_co_lo_xam_1.jpg','anh_quan_ao/anh_mau/ao_len_co_lo_xam_2.jpg','anh_quan_ao/anh_mau/ao_len_co_lo_xam_3.jpg'),(89,1018,'Nâu','anh_quan_ao/anh_mau/ao_len_co_lo_nau_1.jpg','anh_quan_ao/anh_mau/ao_len_co_lo_nau_2.jpg','anh_quan_ao/anh_mau/ao_len_co_lo_nau_3.jpg'),(90,2001,'Xanh Đậm','anh_quan_ao/anh_mau/quan_jeans_slim_fit_xanhdam_1.jpg','anh_quan_ao/anh_mau/quan_jeans_slim_fit_xanhdam_2.jpg','anh_quan_ao/anh_mau/quan_jeans_slim_fit_xanhdam_3.jpg'),(91,2001,'Đen','anh_quan_ao/anh_mau/quan_jeans_slim_fit_den_1.jpg','anh_quan_ao/anh_mau/quan_jeans_slim_fit_den_2.jpg','anh_quan_ao/anh_mau/quan_jeans_slim_fit_den_3.jpg'),(92,2006,'Be','anh_quan_ao/anh_mau/quan_kaki_dai_mong_be_1.jpg','anh_quan_ao/anh_mau/quan_kaki_dai_mong_be_2.jpg','anh_quan_ao/anh_mau/quan_kaki_dai_mong_be_3.jpg'),(93,2006,'Xanh Olive','anh_quan_ao/anh_mau/quan_kaki_dai_mong_xanholive_1.jpg','anh_quan_ao/anh_mau/quan_kaki_dai_mong_xanholive_2.jpg','anh_quan_ao/anh_mau/quan_kaki_dai_mong_xanholive_3.jpg'),(94,2006,'Xám','anh_quan_ao/anh_mau/quan_kaki_dai_mong_xam_1.jpg','anh_quan_ao/anh_mau/quan_kaki_dai_mong_xam_2.jpg','anh_quan_ao/anh_mau/quan_kaki_dai_mong_xam_3.jpg'),(95,2004,'Trắng ngà','anh_quan_ao/anh_mau/quan_short_kaki_phang_trangnga_1.jpg','anh_quan_ao/anh_mau/quan_short_kaki_phang_trangnga_2.jpg','anh_quan_ao/anh_mau/quan_short_kaki_phang_trangnga_3.jpg'),(96,2004,'Xanh mint','anh_quan_ao/anh_mau/quan_short_kaki_phang_xanhmint_1.jpg','anh_quan_ao/anh_mau/quan_short_kaki_phang_xanhmint_2.jpg','anh_quan_ao/anh_mau/quan_short_kaki_phang_xanhmint_3.jpg'),(97,2007,'Xám','anh_quan_ao/anh_mau/quan_short_thun_nang_dong_xam_1.jpg','anh_quan_ao/anh_mau/quan_short_thun_nang_dong_xam_2.jpg','anh_quan_ao/anh_mau/quan_short_thun_nang_dong_xam_3.jpg'),(98,2007,'Đen','anh_quan_ao/anh_mau/quan_short_thun_nang_dong_den_1.jpg','anh_quan_ao/anh_mau/quan_short_thun_nang_dong_den_2.jpg','anh_quan_ao/anh_mau/quan_short_thun_nang_dong_den_3.jpg'),(99,2007,'Xanh','anh_quan_ao/anh_mau/quan_short_thun_nang_dong_xanh_1.jpg','anh_quan_ao/anh_mau/quan_short_thun_nang_dong_xanh_2.jpg','anh_quan_ao/anh_mau/quan_short_thun_nang_dong_xanh_3.jpg'),(100,2008,'Xanh','anh_quan_ao/anh_mau/chan_vay_suong_dai_xanh_1.jpg','anh_quan_ao/anh_mau/chan_vay_suong_dai_xanh_2.jpg','anh_quan_ao/anh_mau/chan_vay_suong_dai_xanh_3.jpg'),(101,2008,'Be','anh_quan_ao/anh_mau/chan_vay_suong_dai_be_1.jpg','anh_quan_ao/anh_mau/chan_vay_suong_dai_be_2.jpg','anh_quan_ao/anh_mau/chan_vay_suong_dai_be_3.jpg'),(102,2008,'Nâu','anh_quan_ao/anh_mau/chan_vay_suong_dai_nau_1.jpg','anh_quan_ao/anh_mau/chan_vay_suong_dai_nau_2.jpg','anh_quan_ao/anh_mau/chan_vay_suong_dai_nau_3.jpg'),(103,2002,'Đen','anh_quan_ao/anh_mau/chan_vay_chu_a_co_ban_den_1.jpg','anh_quan_ao/anh_mau/chan_vay_chu_a_co_ban_den_2.jpg','anh_quan_ao/anh_mau/chan_vay_chu_a_co_ban_den_3.jpg'),(104,2002,'Be','anh_quan_ao/anh_mau/chan_vay_chu_a_co_ban_be_1.jpg','anh_quan_ao/anh_mau/chan_vay_chu_a_co_ban_be_2.jpg','anh_quan_ao/anh_mau/chan_vay_chu_a_co_ban_be_3.jpg'),(105,2002,'Xanh','anh_quan_ao/anh_mau/chan_vay_chu_a_co_ban_xanh_1.jpg','anh_quan_ao/anh_mau/chan_vay_chu_a_co_ban_xanh_2.jpg','anh_quan_ao/anh_mau/chan_vay_chu_a_co_ban_xanh_3.jpg'),(106,2005,'Xanh Denim','anh_quan_ao/anh_mau/quan_jeans_ong_suong_xanhdenim_1.jpg','anh_quan_ao/anh_mau/quan_jeans_ong_suong_xanhdenim_2.jpg','anh_quan_ao/anh_mau/quan_jeans_ong_suong_xanhdenim_3.jpg'),(107,2005,'Đen','anh_quan_ao/anh_mau/quan_jeans_ong_suong_den_1.jpg','anh_quan_ao/anh_mau/quan_jeans_ong_suong_den_2.jpg','anh_quan_ao/anh_mau/quan_jeans_ong_suong_den_3.jpg'),(108,2003,'Đen','anh_quan_ao/anh_mau/quan_jogger_thun_basic_den_1.jpg','anh_quan_ao/anh_mau/quan_jogger_thun_basic_den_2.jpg','anh_quan_ao/anh_mau/quan_jogger_thun_basic_den_3.jpg'),(109,2003,'Xám Melange','anh_quan_ao/anh_mau/quan_jogger_thun_basic_xammelange_1.jpg','anh_quan_ao/anh_mau/quan_jogger_thun_basic_xammelange_2.jpg','anh_quan_ao/anh_mau/quan_jogger_thun_basic_xammelange_3.jpg'),(110,2009,'Xám','anh_quan_ao/anh_mau/quan_jogger_ni_am_xam_1.jpg','anh_quan_ao/anh_mau/quan_jogger_ni_am_xam_2.jpg','anh_quan_ao/anh_mau/quan_jogger_ni_am_xam_3.jpg'),(111,2009,'Đen','anh_quan_ao/anh_mau/quan_jogger_ni_am_den_1.jpg','anh_quan_ao/anh_mau/quan_jogger_ni_am_den_2.jpg','anh_quan_ao/anh_mau/quan_jogger_ni_am_den_3.jpg'),(112,2009,'Xanh Navy','anh_quan_ao/anh_mau/quan_jogger_ni_am_xanhnavy_1.jpg','anh_quan_ao/anh_mau/quan_jogger_ni_am_xanhnavy_2.jpg','anh_quan_ao/anh_mau/quan_jogger_ni_am_xanhnavy_3.jpg'),(113,2011,'Đen','anh_quan_ao/anh_mau/quan_legging_ni_den_1.jpg','anh_quan_ao/anh_mau/quan_legging_ni_den_2.jpg','anh_quan_ao/anh_mau/quan_legging_ni_den_3.jpg'),(114,2011,'Xám','anh_quan_ao/anh_mau/quan_legging_ni_xam_1.jpg','anh_quan_ao/anh_mau/quan_legging_ni_xam_2.jpg','anh_quan_ao/anh_mau/quan_legging_ni_xam_3.jpg'),(115,2013,'Be','anh_quan_ao/anh_mau/chan_vay_dai_len_be_1.jpg','anh_quan_ao/anh_mau/chan_vay_dai_len_be_2.jpg','anh_quan_ao/anh_mau/chan_vay_dai_len_be_3.jpg'),(116,2013,'Nâu','anh_quan_ao/anh_mau/chan_vay_dai_len_nau_1.jpg','anh_quan_ao/anh_mau/chan_vay_dai_len_nau_2.jpg','anh_quan_ao/anh_mau/chan_vay_dai_len_nau_3.jpg'),(117,2013,'Xám','anh_quan_ao/anh_mau/chan_vay_dai_len_xam_1.jpg','anh_quan_ao/anh_mau/chan_vay_dai_len_xam_2.jpg','anh_quan_ao/anh_mau/chan_vay_dai_len_xam_3.jpg'),(118,2010,'Xanh Denim','anh_quan_ao/anh_mau/quan_jeans_ong_con_xanhdenim_1.jpg','anh_quan_ao/anh_mau/quan_jeans_ong_con_xanhdenim_2.jpg','anh_quan_ao/anh_mau/quan_jeans_ong_con_xanhdenim_3.jpg'),(119,2010,'Đen','anh_quan_ao/anh_mau/quan_jeans_ong_con_den_1.jpg','anh_quan_ao/anh_mau/quan_jeans_ong_con_den_2.jpg','anh_quan_ao/anh_mau/quan_jeans_ong_con_den_3.jpg'),(120,2012,'Đen','anh_quan_ao/anh_mau/quan_da_ong_rong_den_1.jpg','anh_quan_ao/anh_mau/quan_da_ong_rong_den_2.jpg','anh_quan_ao/anh_mau/quan_da_ong_rong_den_3.jpg'),(121,2012,'Xám','anh_quan_ao/anh_mau/quan_da_ong_rong_xam_1.jpg','anh_quan_ao/anh_mau/quan_da_ong_rong_xam_2.jpg','anh_quan_ao/anh_mau/quan_da_ong_rong_xam_3.jpg'),(122,2012,'Nâu','anh_quan_ao/anh_mau/quan_da_ong_rong_nau_1.jpg','anh_quan_ao/anh_mau/quan_da_ong_rong_nau_2.jpg','anh_quan_ao/anh_mau/quan_da_ong_rong_nau_3.jpg'),(123,3001,'Nâu Đậm','anh_quan_ao/anh_mau/vi_da_gap_doi_toi_gian_naudam_1.jpg','anh_quan_ao/anh_mau/vi_da_gap_doi_toi_gian_naudam_2.jpg','anh_quan_ao/anh_mau/vi_da_gap_doi_toi_gian_naudam_3.jpg'),(124,3001,'Đen','anh_quan_ao/anh_mau/vi_da_gap_doi_toi_gian_den_1.jpg','anh_quan_ao/anh_mau/vi_da_gap_doi_toi_gian_den_2.jpg','anh_quan_ao/anh_mau/vi_da_gap_doi_toi_gian_den_3.jpg'),(125,3006,'Đen','anh_quan_ao/anh_mau/tui_deo_cheo_mini_den_1.jpg','anh_quan_ao/anh_mau/tui_deo_cheo_mini_den_2.jpg','anh_quan_ao/anh_mau/tui_deo_cheo_mini_den_3.jpg'),(126,3006,'Xám','anh_quan_ao/anh_mau/tui_deo_cheo_mini_xam_1.jpg','anh_quan_ao/anh_mau/tui_deo_cheo_mini_xam_2.jpg','anh_quan_ao/anh_mau/tui_deo_cheo_mini_xam_3.jpg'),(127,3006,'Nâu','anh_quan_ao/anh_mau/tui_deo_cheo_mini_nau_1.jpg','anh_quan_ao/anh_mau/tui_deo_cheo_mini_nau_2.jpg','anh_quan_ao/anh_mau/tui_deo_cheo_mini_nau_3.jpg'),(128,3002,'Đen','anh_quan_ao/anh_mau/that_lung_da_khoa_co_dien_den_1.jpg','anh_quan_ao/anh_mau/that_lung_da_khoa_co_dien_den_2.jpg','anh_quan_ao/anh_mau/that_lung_da_khoa_co_dien_den_3.jpg'),(129,3002,'Nâu','anh_quan_ao/anh_mau/that_lung_da_khoa_co_dien_nau_1.jpg','anh_quan_ao/anh_mau/that_lung_da_khoa_co_dien_nau_2.jpg','anh_quan_ao/anh_mau/that_lung_da_khoa_co_dien_nau_3.jpg'),(130,3003,'Trắng','anh_quan_ao/anh_mau/tui_tote_vai_canvas_lon_trang_1.jpg','anh_quan_ao/anh_mau/tui_tote_vai_canvas_lon_trang_2.jpg','anh_quan_ao/anh_mau/tui_tote_vai_canvas_lon_trang_3.jpg'),(131,3003,'Đen','anh_quan_ao/anh_mau/tui_tote_vai_canvas_lon_den_1.jpg','anh_quan_ao/anh_mau/tui_tote_vai_canvas_lon_den_2.jpg','anh_quan_ao/anh_mau/tui_tote_vai_canvas_lon_den_3.jpg'),(132,3004,'Đen','anh_quan_ao/anh_mau/mu_luoi_trai_cotton_tron_den_1.jpg','anh_quan_ao/anh_mau/mu_luoi_trai_cotton_tron_den_2.jpg','anh_quan_ao/anh_mau/mu_luoi_trai_cotton_tron_den_3.jpg'),(133,3004,'Trắng','anh_quan_ao/anh_mau/mu_luoi_trai_cotton_tron_trang_1.jpg','anh_quan_ao/anh_mau/mu_luoi_trai_cotton_tron_trang_2.jpg','anh_quan_ao/anh_mau/mu_luoi_trai_cotton_tron_trang_3.jpg'),(134,3004,'Nâu','anh_quan_ao/anh_mau/mu_luoi_trai_cotton_tron_nau_1.jpg','anh_quan_ao/anh_mau/mu_luoi_trai_cotton_tron_nau_2.jpg','anh_quan_ao/anh_mau/mu_luoi_trai_cotton_tron_nau_3.jpg'),(135,3007,'Đen','anh_quan_ao/anh_mau/tui_deo_vai_da_tong_hop_den_1.jpg','anh_quan_ao/anh_mau/tui_deo_vai_da_tong_hop_den_2.jpg','anh_quan_ao/anh_mau/tui_deo_vai_da_tong_hop_den_3.jpg'),(136,3007,'Nâu','anh_quan_ao/anh_mau/tui_deo_vai_da_tong_hop_nau_1.jpg','anh_quan_ao/anh_mau/tui_deo_vai_da_tong_hop_nau_2.jpg','anh_quan_ao/anh_mau/tui_deo_vai_da_tong_hop_nau_3.jpg'),(137,3008,'Đen','anh_quan_ao/anh_mau/mu_beanie_len_den_1.jpg','anh_quan_ao/anh_mau/mu_beanie_len_den_2.jpg','anh_quan_ao/anh_mau/mu_beanie_len_den_3.jpg'),(138,3008,'Xám','anh_quan_ao/anh_mau/mu_beanie_len_xam_1.jpg','anh_quan_ao/anh_mau/mu_beanie_len_xam_2.jpg','anh_quan_ao/anh_mau/mu_beanie_len_xam_3.jpg'),(139,3008,'Nâu','anh_quan_ao/anh_mau/mu_beanie_len_nau_1.jpg','anh_quan_ao/anh_mau/mu_beanie_len_nau_2.jpg','anh_quan_ao/anh_mau/mu_beanie_len_nau_3.jpg'),(140,3009,'Đen','anh_quan_ao/anh_mau/that_lung_da_khoa_kim_loai_den_1.jpg','anh_quan_ao/anh_mau/that_lung_da_khoa_kim_loai_den_2.jpg','anh_quan_ao/anh_mau/that_lung_da_khoa_kim_loai_den_3.jpg'),(141,3009,'Nâu','anh_quan_ao/anh_mau/that_lung_da_khoa_kim_loai_nau_1.jpg','anh_quan_ao/anh_mau/that_lung_da_khoa_kim_loai_nau_2.jpg','anh_quan_ao/anh_mau/that_lung_da_khoa_kim_loai_nau_3.jpg'),(142,3010,'Trắng','anh_quan_ao/anh_mau/vo_ngan_cotton_basic_pack_5_trang_1.jpg','anh_quan_ao/anh_mau/vo_ngan_cotton_basic_pack_5_trang_2.jpg','anh_quan_ao/anh_mau/vo_ngan_cotton_basic_pack_5_trang_3.jpg'),(143,3010,'Xám','anh_quan_ao/anh_mau/vo_ngan_cotton_basic_pack_5_xam_1.jpg','anh_quan_ao/anh_mau/vo_ngan_cotton_basic_pack_5_xam_2.jpg','anh_quan_ao/anh_mau/vo_ngan_cotton_basic_pack_5_xam_3.jpg'),(144,3010,'Đen','anh_quan_ao/anh_mau/vo_ngan_cotton_basic_pack_5_den_1.jpg','anh_quan_ao/anh_mau/vo_ngan_cotton_basic_pack_5_den_2.jpg','anh_quan_ao/anh_mau/vo_ngan_cotton_basic_pack_5_den_3.jpg'),(145,3011,'Đen','anh_quan_ao/anh_mau/tui_deo_hong_thoi_trang_den_1.jpg','anh_quan_ao/anh_mau/tui_deo_hong_thoi_trang_den_2.jpg','anh_quan_ao/anh_mau/tui_deo_hong_thoi_trang_den_3.jpg'),(146,3011,'Xanh Olive','anh_quan_ao/anh_mau/tui_deo_hong_thoi_trang_xanholive_1.jpg','anh_quan_ao/anh_mau/tui_deo_hong_thoi_trang_xanholive_2.jpg','anh_quan_ao/anh_mau/tui_deo_hong_thoi_trang_xanholive_3.jpg'),(147,3012,'Đen','anh_quan_ao/anh_mau/tui_deo_vai_mini_den_1.jpg','anh_quan_ao/anh_mau/tui_deo_vai_mini_den_2.jpg','anh_quan_ao/anh_mau/tui_deo_vai_mini_den_3.jpg'),(148,3012,'Be','anh_quan_ao/anh_mau/tui_deo_vai_mini_be_1.jpg','anh_quan_ao/anh_mau/tui_deo_vai_mini_be_2.jpg','anh_quan_ao/anh_mau/tui_deo_vai_mini_be_3.jpg'),(149,3013,'Đen','anh_quan_ao/anh_mau/mu_snapback_the_thao_den_1.jpg','anh_quan_ao/anh_mau/mu_snapback_the_thao_den_2.jpg','anh_quan_ao/anh_mau/mu_snapback_the_thao_den_3.jpg'),(150,3013,'Xanh Navy','anh_quan_ao/anh_mau/mu_snapback_the_thao_xanhnavy_1.jpg','anh_quan_ao/anh_mau/mu_snapback_the_thao_xanhnavy_2.jpg','anh_quan_ao/anh_mau/mu_snapback_the_thao_xanhnavy_3.jpg'),(151,3013,'Trắng','anh_quan_ao/anh_mau/mu_snapback_the_thao_trang_1.jpg','anh_quan_ao/anh_mau/mu_snapback_the_thao_trang_2.jpg','anh_quan_ao/anh_mau/mu_snapback_the_thao_trang_3.jpg'),(152,3014,'Trắng','anh_quan_ao/anh_mau/vo_co_cao_thoi_trang_pack_3_trang_1.jpg','anh_quan_ao/anh_mau/vo_co_cao_thoi_trang_pack_3_trang_2.jpg','anh_quan_ao/anh_mau/vo_co_cao_thoi_trang_pack_3_trang_3.jpg'),(153,3014,'Xám','anh_quan_ao/anh_mau/vo_co_cao_thoi_trang_pack_3_xam_1.jpg','anh_quan_ao/anh_mau/vo_co_cao_thoi_trang_pack_3_xam_2.jpg','anh_quan_ao/anh_mau/vo_co_cao_thoi_trang_pack_3_xam_3.jpg'),(154,3014,'Đen','anh_quan_ao/anh_mau/vo_co_cao_thoi_trang_pack_3_den_1.jpg','anh_quan_ao/anh_mau/vo_co_cao_thoi_trang_pack_3_den_2.jpg','anh_quan_ao/anh_mau/vo_co_cao_thoi_trang_pack_3_den_3.jpg'),(155,1012,'Trắng','anh_quan_ao/anh_mau/ao_thun_oversize_trang_1.jpg','anh_quan_ao/anh_mau/ao_thun_oversize_trang_2.jpg','anh_quan_ao/anh_mau/ao_thun_oversize_trang_3.jpg'),(156,1012,'Đen','anh_quan_ao/anh_mau/ao_thun_oversize_den_1.jpg','anh_quan_ao/anh_mau/ao_thun_oversize_den_2.jpg','anh_quan_ao/anh_mau/ao_thun_oversize_den_3.jpg'),(157,1012,'Hồng','anh_quan_ao/anh_mau/ao_thun_oversize_hong_1.jpg','anh_quan_ao/anh_mau/ao_thun_oversize_hong_2.jpg','anh_quan_ao/anh_mau/ao_thun_oversize_hong_3.jpg'),(158,1015,'Be','anh_quan_ao/anh_mau/so_mi_linen_tay_lung_be_1.jpg','anh_quan_ao/anh_mau/so_mi_linen_tay_lung_be_2.jpg','anh_quan_ao/anh_mau/so_mi_linen_tay_lung_be_3.jpg'),(159,1015,'Xanh Nhạt','anh_quan_ao/anh_mau/so_mi_linen_tay_lung_xanhnhat_1.jpg','anh_quan_ao/anh_mau/so_mi_linen_tay_lung_xanhnhat_2.jpg','anh_quan_ao/anh_mau/so_mi_linen_tay_lung_xanhnhat_3.jpg'),(160,1007,'Hồng','anh_quan_ao/anh_mau/ao_len_co_tim_hong_1.jpg','anh_quan_ao/anh_mau/ao_len_co_tim_hong_2.jpg','anh_quan_ao/anh_mau/ao_len_co_tim_hong_3.jpg'),(161,1007,'Be','anh_quan_ao/anh_mau/ao_len_co_tim_be_1.jpg','anh_quan_ao/anh_mau/ao_len_co_tim_be_2.jpg','anh_quan_ao/anh_mau/ao_len_co_tim_be_3.jpg'),(162,1007,'Xám','anh_quan_ao/anh_mau/ao_len_co_tim_xam_1.jpg','anh_quan_ao/anh_mau/ao_len_co_tim_xam_2.jpg','anh_quan_ao/anh_mau/ao_len_co_tim_xam_3.jpg'),(163,1001,'Trắng','anh_quan_ao/anh_mau/ao_thun_cotton_basic_trang_1.jpg','anh_quan_ao/anh_mau/ao_thun_cotton_basic_trang_2.jpg','anh_quan_ao/anh_mau/ao_thun_cotton_basic_trang_3.jpg'),(164,1001,'Đen','anh_quan_ao/anh_mau/ao_thun_cotton_basic_den_1.jpg','anh_quan_ao/anh_mau/ao_thun_cotton_basic_den_2.jpg','anh_quan_ao/anh_mau/ao_thun_cotton_basic_den_3.jpg'),(165,1001,'Xám','anh_quan_ao/anh_mau/ao_thun_cotton_basic_xam_1.jpg','anh_quan_ao/anh_mau/ao_thun_cotton_basic_xam_2.jpg','anh_quan_ao/anh_mau/ao_thun_cotton_basic_xam_3.jpg'),(166,1002,'Be','anh_quan_ao/anh_mau/so_mi_linen_co_dien_be_1.jpg','anh_quan_ao/anh_mau/so_mi_linen_co_dien_be_2.jpg','anh_quan_ao/anh_mau/so_mi_linen_co_dien_be_3.jpg'),(167,1002,'Xanh Navy','anh_quan_ao/anh_mau/so_mi_linen_co_dien_xanhnavy_1.jpg','anh_quan_ao/anh_mau/so_mi_linen_co_dien_xanhnavy_2.jpg','anh_quan_ao/anh_mau/so_mi_linen_co_dien_xanhnavy_3.jpg'),(168,1003,'Đen','anh_quan_ao/anh_mau/ao_polo_cotton_pique_den_1.jpg','anh_quan_ao/anh_mau/ao_polo_cotton_pique_den_2.jpg','anh_quan_ao/anh_mau/ao_polo_cotton_pique_den_3.jpg'),(169,1003,'Trắng','anh_quan_ao/anh_mau/ao_polo_cotton_pique_trang_1.jpg','anh_quan_ao/anh_mau/ao_polo_cotton_pique_trang_2.jpg','anh_quan_ao/anh_mau/ao_polo_cotton_pique_trang_3.jpg'),(170,1003,'Xanh rêu','anh_quan_ao/anh_mau/ao_polo_cotton_pique_xanhreu_1.jpg','anh_quan_ao/anh_mau/ao_polo_cotton_pique_xanhreu_2.jpg','anh_quan_ao/anh_mau/ao_polo_cotton_pique_xanhreu_3.jpg'),(171,1008,'Trắng','anh_quan_ao/anh_mau/ao_thun_polo_ngan_tay_trang_1.jpg','anh_quan_ao/anh_mau/ao_thun_polo_ngan_tay_trang_2.jpg','anh_quan_ao/anh_mau/ao_thun_polo_ngan_tay_trang_3.jpg'),(172,1008,'Xanh Dương','anh_quan_ao/anh_mau/ao_thun_polo_ngan_tay_xanhduong_1.jpg','anh_quan_ao/anh_mau/ao_thun_polo_ngan_tay_xanhduong_2.jpg','anh_quan_ao/anh_mau/ao_thun_polo_ngan_tay_xanhduong_3.jpg'),(173,1008,'Đen','anh_quan_ao/anh_mau/ao_thun_polo_ngan_tay_den_1.jpg','anh_quan_ao/anh_mau/ao_thun_polo_ngan_tay_den_2.jpg','anh_quan_ao/anh_mau/ao_thun_polo_ngan_tay_den_3.jpg'),(174,1011,'Trắng','anh_quan_ao/anh_mau/so_mi_coc_tay_ke_soc_trang_1.jpg','anh_quan_ao/anh_mau/so_mi_coc_tay_ke_soc_trang_2.jpg','anh_quan_ao/anh_mau/so_mi_coc_tay_ke_soc_trang_3.jpg'),(175,1011,'Xanh','anh_quan_ao/anh_mau/so_mi_coc_tay_ke_soc_xanh_1.jpg','anh_quan_ao/anh_mau/so_mi_coc_tay_ke_soc_xanh_2.jpg','anh_quan_ao/anh_mau/so_mi_coc_tay_ke_soc_xanh_3.jpg'),(176,1006,'Be','anh_quan_ao/anh_mau/ao_len_mong_co_tron_be_1.jpg','anh_quan_ao/anh_mau/ao_len_mong_co_tron_be_2.jpg','anh_quan_ao/anh_mau/ao_len_mong_co_tron_be_3.jpg'),(177,1006,'Nâu','anh_quan_ao/anh_mau/ao_len_mong_co_tron_nau_1.jpg','anh_quan_ao/anh_mau/ao_len_mong_co_tron_nau_2.jpg','anh_quan_ao/anh_mau/ao_len_mong_co_tron_nau_3.jpg'),(178,1006,'Xám','anh_quan_ao/anh_mau/ao_len_mong_co_tron_xam_1.jpg','anh_quan_ao/anh_mau/ao_len_mong_co_tron_xam_2.jpg','anh_quan_ao/anh_mau/ao_len_mong_co_tron_xam_3.jpg'),(179,1009,'Xám','anh_quan_ao/anh_mau/ao_khoac_cardigan_dai_xam_1.jpg','anh_quan_ao/anh_mau/ao_khoac_cardigan_dai_xam_2.jpg','anh_quan_ao/anh_mau/ao_khoac_cardigan_dai_xam_3.jpg'),(180,1009,'Đen','anh_quan_ao/anh_mau/ao_khoac_cardigan_dai_den_1.jpg','anh_quan_ao/anh_mau/ao_khoac_cardigan_dai_den_2.jpg','anh_quan_ao/anh_mau/ao_khoac_cardigan_dai_den_3.jpg'),(181,1009,'Be','anh_quan_ao/anh_mau/ao_khoac_cardigan_dai_be_1.jpg','anh_quan_ao/anh_mau/ao_khoac_cardigan_dai_be_2.jpg','anh_quan_ao/anh_mau/ao_khoac_cardigan_dai_be_3.jpg'),(185,1017,'Xám','anh_quan_ao/anh_mau/ao_hoodie_mong_xam_1.jpg','anh_quan_ao/anh_mau/ao_hoodie_mong_xam_2.jpg','anh_quan_ao/anh_mau/ao_hoodie_mong_xam_3.jpg'),(186,1017,'Đen','anh_quan_ao/anh_mau/ao_hoodie_mong_den_1.jpg','anh_quan_ao/anh_mau/ao_hoodie_mong_den_2.jpg','anh_quan_ao/anh_mau/ao_hoodie_mong_den_3.jpg'),(187,1017,'Be','anh_quan_ao/anh_mau/ao_hoodie_mong_be_1.jpg','anh_quan_ao/anh_mau/ao_hoodie_mong_be_2.jpg','anh_quan_ao/anh_mau/ao_hoodie_mong_be_3.jpg'),(188,1004,'Xám tro','anh_quan_ao/anh_mau/ao_hoodie_ni_phom_rong_xamtro_1.jpg','anh_quan_ao/anh_mau/ao_hoodie_ni_phom_rong_xamtro_2.jpg','anh_quan_ao/anh_mau/ao_hoodie_ni_phom_rong_xamtro_3.jpg'),(189,1004,'Kem','anh_quan_ao/anh_mau/ao_hoodie_ni_phom_rong_kem_1.jpg','anh_quan_ao/anh_mau/ao_hoodie_ni_phom_rong_kem_2.jpg','anh_quan_ao/anh_mau/ao_hoodie_ni_phom_rong_kem_3.jpg'),(190,1004,'Đen','anh_quan_ao/anh_mau/ao_hoodie_ni_phom_rong_den_1.jpg','anh_quan_ao/anh_mau/ao_hoodie_ni_phom_rong_den_2.jpg','anh_quan_ao/anh_mau/ao_hoodie_ni_phom_rong_den_3.jpg'),(191,1005,'Xanh Navy','anh_quan_ao/anh_mau/ao_khoac_gio_hai_lop_xanhnavy_1.jpg','anh_quan_ao/anh_mau/ao_khoac_gio_hai_lop_xanhnavy_2.jpg','anh_quan_ao/anh_mau/ao_khoac_gio_hai_lop_xanhnavy_3.jpg'),(192,1005,'Be','anh_quan_ao/anh_mau/ao_khoac_gio_hai_lop_be_1.jpg','anh_quan_ao/anh_mau/ao_khoac_gio_hai_lop_be_2.jpg','anh_quan_ao/anh_mau/ao_khoac_gio_hai_lop_be_3.jpg'),(193,1005,'Xám','anh_quan_ao/anh_mau/ao_khoac_gio_hai_lop_xam_1.jpg','anh_quan_ao/anh_mau/ao_khoac_gio_hai_lop_xam_2.jpg','anh_quan_ao/anh_mau/ao_khoac_gio_hai_lop_xam_3.jpg'),(194,1010,'Đen','anh_quan_ao/anh_mau/ao_khoac_phao_long_vu_den_1.jpg','anh_quan_ao/anh_mau/ao_khoac_phao_long_vu_den_2.jpg','anh_quan_ao/anh_mau/ao_khoac_phao_long_vu_den_3.jpg'),(195,1010,'Xanh Navy','anh_quan_ao/anh_mau/ao_khoac_phao_long_vu_xanhnavy_1.jpg','anh_quan_ao/anh_mau/ao_khoac_phao_long_vu_xanhnavy_2.jpg','anh_quan_ao/anh_mau/ao_khoac_phao_long_vu_xanhnavy_3.jpg'),(198,1018,'Đen','anh_quan_ao/anh_mau/ao_len_co_lo_den_1.jpg','anh_quan_ao/anh_mau/ao_len_co_lo_den_2.jpg','anh_quan_ao/anh_mau/ao_len_co_lo_den_3.jpg'),(199,1018,'Xám','anh_quan_ao/anh_mau/ao_len_co_lo_xam_1.jpg','anh_quan_ao/anh_mau/ao_len_co_lo_xam_2.jpg','anh_quan_ao/anh_mau/ao_len_co_lo_xam_3.jpg'),(200,1018,'Nâu','anh_quan_ao/anh_mau/ao_len_co_lo_nau_1.jpg','anh_quan_ao/anh_mau/ao_len_co_lo_nau_2.jpg','anh_quan_ao/anh_mau/ao_len_co_lo_nau_3.jpg'),(201,2001,'Xanh Đậm','anh_quan_ao/anh_mau/quan_jeans_slim_fit_xanhdam_1.jpg','anh_quan_ao/anh_mau/quan_jeans_slim_fit_xanhdam_2.jpg','anh_quan_ao/anh_mau/quan_jeans_slim_fit_xanhdam_3.jpg'),(202,2001,'Đen','anh_quan_ao/anh_mau/quan_jeans_slim_fit_den_1.jpg','anh_quan_ao/anh_mau/quan_jeans_slim_fit_den_2.jpg','anh_quan_ao/anh_mau/quan_jeans_slim_fit_den_3.jpg'),(203,2006,'Be','anh_quan_ao/anh_mau/quan_kaki_dai_mong_be_1.jpg','anh_quan_ao/anh_mau/quan_kaki_dai_mong_be_2.jpg','anh_quan_ao/anh_mau/quan_kaki_dai_mong_be_3.jpg'),(204,2006,'Xanh Olive','anh_quan_ao/anh_mau/quan_kaki_dai_mong_xanholive_1.jpg','anh_quan_ao/anh_mau/quan_kaki_dai_mong_xanholive_2.jpg','anh_quan_ao/anh_mau/quan_kaki_dai_mong_xanholive_3.jpg'),(205,2006,'Xám','anh_quan_ao/anh_mau/quan_kaki_dai_mong_xam_1.jpg','anh_quan_ao/anh_mau/quan_kaki_dai_mong_xam_2.jpg','anh_quan_ao/anh_mau/quan_kaki_dai_mong_xam_3.jpg'),(206,2004,'Trắng ngà','anh_quan_ao/anh_mau/quan_short_kaki_phang_trangnga_1.jpg','anh_quan_ao/anh_mau/quan_short_kaki_phang_trangnga_2.jpg','anh_quan_ao/anh_mau/quan_short_kaki_phang_trangnga_3.jpg'),(207,2004,'Xanh mint','anh_quan_ao/anh_mau/quan_short_kaki_phang_xanhmint_1.jpg','anh_quan_ao/anh_mau/quan_short_kaki_phang_xanhmint_2.jpg','anh_quan_ao/anh_mau/quan_short_kaki_phang_xanhmint_3.jpg'),(208,2007,'Xám','anh_quan_ao/anh_mau/quan_short_thun_nang_dong_xam_1.jpg','anh_quan_ao/anh_mau/quan_short_thun_nang_dong_xam_2.jpg','anh_quan_ao/anh_mau/quan_short_thun_nang_dong_xam_3.jpg'),(209,2007,'Đen','anh_quan_ao/anh_mau/quan_short_thun_nang_dong_den_1.jpg','anh_quan_ao/anh_mau/quan_short_thun_nang_dong_den_2.jpg','anh_quan_ao/anh_mau/quan_short_thun_nang_dong_den_3.jpg'),(210,2007,'Xanh','anh_quan_ao/anh_mau/quan_short_thun_nang_dong_xanh_1.jpg','anh_quan_ao/anh_mau/quan_short_thun_nang_dong_xanh_2.jpg','anh_quan_ao/anh_mau/quan_short_thun_nang_dong_xanh_3.jpg'),(211,2008,'Xanh','anh_quan_ao/anh_mau/chan_vay_suong_dai_xanh_1.jpg','anh_quan_ao/anh_mau/chan_vay_suong_dai_xanh_2.jpg','anh_quan_ao/anh_mau/chan_vay_suong_dai_xanh_3.jpg'),(212,2008,'Be','anh_quan_ao/anh_mau/chan_vay_suong_dai_be_1.jpg','anh_quan_ao/anh_mau/chan_vay_suong_dai_be_2.jpg','anh_quan_ao/anh_mau/chan_vay_suong_dai_be_3.jpg'),(213,2008,'Nâu','anh_quan_ao/anh_mau/chan_vay_suong_dai_nau_1.jpg','anh_quan_ao/anh_mau/chan_vay_suong_dai_nau_2.jpg','anh_quan_ao/anh_mau/chan_vay_suong_dai_nau_3.jpg'),(214,2002,'Đen','anh_quan_ao/anh_mau/chan_vay_chu_a_co_ban_den_1.jpg','anh_quan_ao/anh_mau/chan_vay_chu_a_co_ban_den_2.jpg','anh_quan_ao/anh_mau/chan_vay_chu_a_co_ban_den_3.jpg'),(215,2002,'Be','anh_quan_ao/anh_mau/chan_vay_chu_a_co_ban_be_1.jpg','anh_quan_ao/anh_mau/chan_vay_chu_a_co_ban_be_2.jpg','anh_quan_ao/anh_mau/chan_vay_chu_a_co_ban_be_3.jpg'),(216,2002,'Xanh','anh_quan_ao/anh_mau/chan_vay_chu_a_co_ban_xanh_1.jpg','anh_quan_ao/anh_mau/chan_vay_chu_a_co_ban_xanh_2.jpg','anh_quan_ao/anh_mau/chan_vay_chu_a_co_ban_xanh_3.jpg'),(217,2005,'Xanh Denim','anh_quan_ao/anh_mau/quan_jeans_ong_suong_xanhdenim_1.jpg','anh_quan_ao/anh_mau/quan_jeans_ong_suong_xanhdenim_2.jpg','anh_quan_ao/anh_mau/quan_jeans_ong_suong_xanhdenim_3.jpg'),(218,2005,'Đen','anh_quan_ao/anh_mau/quan_jeans_ong_suong_den_1.jpg','anh_quan_ao/anh_mau/quan_jeans_ong_suong_den_2.jpg','anh_quan_ao/anh_mau/quan_jeans_ong_suong_den_3.jpg'),(219,2003,'Đen','anh_quan_ao/anh_mau/quan_jogger_thun_basic_den_1.jpg','anh_quan_ao/anh_mau/quan_jogger_thun_basic_den_2.jpg','anh_quan_ao/anh_mau/quan_jogger_thun_basic_den_3.jpg'),(220,2003,'Xám Melange','anh_quan_ao/anh_mau/quan_jogger_thun_basic_xammelange_1.jpg','anh_quan_ao/anh_mau/quan_jogger_thun_basic_xammelange_2.jpg','anh_quan_ao/anh_mau/quan_jogger_thun_basic_xammelange_3.jpg'),(221,2009,'Xám','anh_quan_ao/anh_mau/quan_jogger_ni_am_xam_1.jpg','anh_quan_ao/anh_mau/quan_jogger_ni_am_xam_2.jpg','anh_quan_ao/anh_mau/quan_jogger_ni_am_xam_3.jpg'),(222,2009,'Đen','anh_quan_ao/anh_mau/quan_jogger_ni_am_den_1.jpg','anh_quan_ao/anh_mau/quan_jogger_ni_am_den_2.jpg','anh_quan_ao/anh_mau/quan_jogger_ni_am_den_3.jpg'),(223,2009,'Xanh Navy','anh_quan_ao/anh_mau/quan_jogger_ni_am_xanhnavy_1.jpg','anh_quan_ao/anh_mau/quan_jogger_ni_am_xanhnavy_2.jpg','anh_quan_ao/anh_mau/quan_jogger_ni_am_xanhnavy_3.jpg'),(224,2011,'Đen','anh_quan_ao/anh_mau/quan_legging_ni_den_1.jpg','anh_quan_ao/anh_mau/quan_legging_ni_den_2.jpg','anh_quan_ao/anh_mau/quan_legging_ni_den_3.jpg'),(225,2011,'Xám','anh_quan_ao/anh_mau/quan_legging_ni_xam_1.jpg','anh_quan_ao/anh_mau/quan_legging_ni_xam_2.jpg','anh_quan_ao/anh_mau/quan_legging_ni_xam_3.jpg'),(226,2013,'Be','anh_quan_ao/anh_mau/chan_vay_dai_len_be_1.jpg','anh_quan_ao/anh_mau/chan_vay_dai_len_be_2.jpg','anh_quan_ao/anh_mau/chan_vay_dai_len_be_3.jpg'),(227,2013,'Nâu','anh_quan_ao/anh_mau/chan_vay_dai_len_nau_1.jpg','anh_quan_ao/anh_mau/chan_vay_dai_len_nau_2.jpg','anh_quan_ao/anh_mau/chan_vay_dai_len_nau_3.jpg'),(228,2013,'Xám','anh_quan_ao/anh_mau/chan_vay_dai_len_xam_1.jpg','anh_quan_ao/anh_mau/chan_vay_dai_len_xam_2.jpg','anh_quan_ao/anh_mau/chan_vay_dai_len_xam_3.jpg'),(229,2010,'Xanh Denim','anh_quan_ao/anh_mau/quan_jeans_ong_con_xanhdenim_1.jpg','anh_quan_ao/anh_mau/quan_jeans_ong_con_xanhdenim_2.jpg','anh_quan_ao/anh_mau/quan_jeans_ong_con_xanhdenim_3.jpg'),(230,2010,'Đen','anh_quan_ao/anh_mau/quan_jeans_ong_con_den_1.jpg','anh_quan_ao/anh_mau/quan_jeans_ong_con_den_2.jpg','anh_quan_ao/anh_mau/quan_jeans_ong_con_den_3.jpg'),(231,2012,'Đen','anh_quan_ao/anh_mau/quan_da_ong_rong_den_1.jpg','anh_quan_ao/anh_mau/quan_da_ong_rong_den_2.jpg','anh_quan_ao/anh_mau/quan_da_ong_rong_den_3.jpg'),(232,2012,'Xám','anh_quan_ao/anh_mau/quan_da_ong_rong_xam_1.jpg','anh_quan_ao/anh_mau/quan_da_ong_rong_xam_2.jpg','anh_quan_ao/anh_mau/quan_da_ong_rong_xam_3.jpg'),(233,2012,'Nâu','anh_quan_ao/anh_mau/quan_da_ong_rong_nau_1.jpg','anh_quan_ao/anh_mau/quan_da_ong_rong_nau_2.jpg','anh_quan_ao/anh_mau/quan_da_ong_rong_nau_3.jpg'),(234,3001,'Nâu Đậm','anh_quan_ao/anh_mau/vi_da_gap_doi_toi_gian_naudam_1.jpg','anh_quan_ao/anh_mau/vi_da_gap_doi_toi_gian_naudam_2.jpg','anh_quan_ao/anh_mau/vi_da_gap_doi_toi_gian_naudam_3.jpg'),(235,3001,'Đen','anh_quan_ao/anh_mau/vi_da_gap_doi_toi_gian_den_1.jpg','anh_quan_ao/anh_mau/vi_da_gap_doi_toi_gian_den_2.jpg','anh_quan_ao/anh_mau/vi_da_gap_doi_toi_gian_den_3.jpg'),(236,3006,'Đen','anh_quan_ao/anh_mau/tui_deo_cheo_mini_den_1.jpg','anh_quan_ao/anh_mau/tui_deo_cheo_mini_den_2.jpg','anh_quan_ao/anh_mau/tui_deo_cheo_mini_den_3.jpg'),(237,3006,'Xám','anh_quan_ao/anh_mau/tui_deo_cheo_mini_xam_1.jpg','anh_quan_ao/anh_mau/tui_deo_cheo_mini_xam_2.jpg','anh_quan_ao/anh_mau/tui_deo_cheo_mini_xam_3.jpg'),(238,3006,'Nâu','anh_quan_ao/anh_mau/tui_deo_cheo_mini_nau_1.jpg','anh_quan_ao/anh_mau/tui_deo_cheo_mini_nau_2.jpg','anh_quan_ao/anh_mau/tui_deo_cheo_mini_nau_3.jpg'),(239,3002,'Đen','anh_quan_ao/anh_mau/that_lung_da_khoa_co_dien_den_1.jpg','anh_quan_ao/anh_mau/that_lung_da_khoa_co_dien_den_2.jpg','anh_quan_ao/anh_mau/that_lung_da_khoa_co_dien_den_3.jpg'),(240,3002,'Nâu','anh_quan_ao/anh_mau/that_lung_da_khoa_co_dien_nau_1.jpg','anh_quan_ao/anh_mau/that_lung_da_khoa_co_dien_nau_2.jpg','anh_quan_ao/anh_mau/that_lung_da_khoa_co_dien_nau_3.jpg'),(241,3003,'Trắng','anh_quan_ao/anh_mau/tui_tote_vai_canvas_lon_trang_1.jpg','anh_quan_ao/anh_mau/tui_tote_vai_canvas_lon_trang_2.jpg','anh_quan_ao/anh_mau/tui_tote_vai_canvas_lon_trang_3.jpg'),(242,3003,'Đen','anh_quan_ao/anh_mau/tui_tote_vai_canvas_lon_den_1.jpg','anh_quan_ao/anh_mau/tui_tote_vai_canvas_lon_den_2.jpg','anh_quan_ao/anh_mau/tui_tote_vai_canvas_lon_den_3.jpg'),(243,3004,'Đen','anh_quan_ao/anh_mau/mu_luoi_trai_cotton_tron_den_1.jpg','anh_quan_ao/anh_mau/mu_luoi_trai_cotton_tron_den_2.jpg','anh_quan_ao/anh_mau/mu_luoi_trai_cotton_tron_den_3.jpg'),(244,3004,'Trắng','anh_quan_ao/anh_mau/mu_luoi_trai_cotton_tron_trang_1.jpg','anh_quan_ao/anh_mau/mu_luoi_trai_cotton_tron_trang_2.jpg','anh_quan_ao/anh_mau/mu_luoi_trai_cotton_tron_trang_3.jpg'),(245,3004,'Nâu','anh_quan_ao/anh_mau/mu_luoi_trai_cotton_tron_nau_1.jpg','anh_quan_ao/anh_mau/mu_luoi_trai_cotton_tron_nau_2.jpg','anh_quan_ao/anh_mau/mu_luoi_trai_cotton_tron_nau_3.jpg'),(246,3007,'Đen','anh_quan_ao/anh_mau/tui_deo_vai_da_tong_hop_den_1.jpg','anh_quan_ao/anh_mau/tui_deo_vai_da_tong_hop_den_2.jpg','anh_quan_ao/anh_mau/tui_deo_vai_da_tong_hop_den_3.jpg'),(247,3007,'Nâu','anh_quan_ao/anh_mau/tui_deo_vai_da_tong_hop_nau_1.jpg','anh_quan_ao/anh_mau/tui_deo_vai_da_tong_hop_nau_2.jpg','anh_quan_ao/anh_mau/tui_deo_vai_da_tong_hop_nau_3.jpg'),(248,3008,'Đen','anh_quan_ao/anh_mau/mu_beanie_len_den_1.jpg','anh_quan_ao/anh_mau/mu_beanie_len_den_2.jpg','anh_quan_ao/anh_mau/mu_beanie_len_den_3.jpg'),(249,3008,'Xám','anh_quan_ao/anh_mau/mu_beanie_len_xam_1.jpg','anh_quan_ao/anh_mau/mu_beanie_len_xam_2.jpg','anh_quan_ao/anh_mau/mu_beanie_len_xam_3.jpg'),(250,3008,'Nâu','anh_quan_ao/anh_mau/mu_beanie_len_nau_1.jpg','anh_quan_ao/anh_mau/mu_beanie_len_nau_2.jpg','anh_quan_ao/anh_mau/mu_beanie_len_nau_3.jpg'),(251,3009,'Đen','anh_quan_ao/anh_mau/that_lung_da_khoa_kim_loai_den_1.jpg','anh_quan_ao/anh_mau/that_lung_da_khoa_kim_loai_den_2.jpg','anh_quan_ao/anh_mau/that_lung_da_khoa_kim_loai_den_3.jpg'),(252,3009,'Nâu','anh_quan_ao/anh_mau/that_lung_da_khoa_kim_loai_nau_1.jpg','anh_quan_ao/anh_mau/that_lung_da_khoa_kim_loai_nau_2.jpg','anh_quan_ao/anh_mau/that_lung_da_khoa_kim_loai_nau_3.jpg'),(253,3010,'Trắng','anh_quan_ao/anh_mau/vo_ngan_cotton_basic_pack_5_trang_1.jpg','anh_quan_ao/anh_mau/vo_ngan_cotton_basic_pack_5_trang_2.jpg','anh_quan_ao/anh_mau/vo_ngan_cotton_basic_pack_5_trang_3.jpg'),(254,3010,'Xám','anh_quan_ao/anh_mau/vo_ngan_cotton_basic_pack_5_xam_1.jpg','anh_quan_ao/anh_mau/vo_ngan_cotton_basic_pack_5_xam_2.jpg','anh_quan_ao/anh_mau/vo_ngan_cotton_basic_pack_5_xam_3.jpg'),(255,3010,'Đen','anh_quan_ao/anh_mau/vo_ngan_cotton_basic_pack_5_den_1.jpg','anh_quan_ao/anh_mau/vo_ngan_cotton_basic_pack_5_den_2.jpg','anh_quan_ao/anh_mau/vo_ngan_cotton_basic_pack_5_den_3.jpg'),(256,3011,'Đen','anh_quan_ao/anh_mau/tui_deo_hong_thoi_trang_den_1.jpg','anh_quan_ao/anh_mau/tui_deo_hong_thoi_trang_den_2.jpg','anh_quan_ao/anh_mau/tui_deo_hong_thoi_trang_den_3.jpg'),(257,3011,'Xanh Olive','anh_quan_ao/anh_mau/tui_deo_hong_thoi_trang_xanholive_1.jpg','anh_quan_ao/anh_mau/tui_deo_hong_thoi_trang_xanholive_2.jpg','anh_quan_ao/anh_mau/tui_deo_hong_thoi_trang_xanholive_3.jpg'),(258,3012,'Đen','anh_quan_ao/anh_mau/tui_deo_vai_mini_den_1.jpg','anh_quan_ao/anh_mau/tui_deo_vai_mini_den_2.jpg','anh_quan_ao/anh_mau/tui_deo_vai_mini_den_3.jpg'),(259,3012,'Be','anh_quan_ao/anh_mau/tui_deo_vai_mini_be_1.jpg','anh_quan_ao/anh_mau/tui_deo_vai_mini_be_2.jpg','anh_quan_ao/anh_mau/tui_deo_vai_mini_be_3.jpg'),(260,3013,'Đen','anh_quan_ao/anh_mau/mu_snapback_the_thao_den_1.jpg','anh_quan_ao/anh_mau/mu_snapback_the_thao_den_2.jpg','anh_quan_ao/anh_mau/mu_snapback_the_thao_den_3.jpg'),(261,3013,'Xanh Navy','anh_quan_ao/anh_mau/mu_snapback_the_thao_xanhnavy_1.jpg','anh_quan_ao/anh_mau/mu_snapback_the_thao_xanhnavy_2.jpg','anh_quan_ao/anh_mau/mu_snapback_the_thao_xanhnavy_3.jpg'),(262,3013,'Trắng','anh_quan_ao/anh_mau/mu_snapback_the_thao_trang_1.jpg','anh_quan_ao/anh_mau/mu_snapback_the_thao_trang_2.jpg','anh_quan_ao/anh_mau/mu_snapback_the_thao_trang_3.jpg'),(263,3014,'Trắng','anh_quan_ao/anh_mau/vo_co_cao_thoi_trang_pack_3_trang_1.jpg','anh_quan_ao/anh_mau/vo_co_cao_thoi_trang_pack_3_trang_2.jpg','anh_quan_ao/anh_mau/vo_co_cao_thoi_trang_pack_3_trang_3.jpg'),(264,3014,'Xám','anh_quan_ao/anh_mau/vo_co_cao_thoi_trang_pack_3_xam_1.jpg','anh_quan_ao/anh_mau/vo_co_cao_thoi_trang_pack_3_xam_2.jpg','anh_quan_ao/anh_mau/vo_co_cao_thoi_trang_pack_3_xam_3.jpg'),(265,3014,'Đen','anh_quan_ao/anh_mau/vo_co_cao_thoi_trang_pack_3_den_1.jpg','anh_quan_ao/anh_mau/vo_co_cao_thoi_trang_pack_3_den_2.jpg','anh_quan_ao/anh_mau/vo_co_cao_thoi_trang_pack_3_den_3.jpg'),(266,1012,'Trắng','anh_quan_ao/anh_mau/ao_thun_oversize_trang_1.jpg','anh_quan_ao/anh_mau/ao_thun_oversize_trang_2.jpg','anh_quan_ao/anh_mau/ao_thun_oversize_trang_3.jpg'),(267,1012,'Đen','anh_quan_ao/anh_mau/ao_thun_oversize_den_1.jpg','anh_quan_ao/anh_mau/ao_thun_oversize_den_2.jpg','anh_quan_ao/anh_mau/ao_thun_oversize_den_3.jpg'),(268,1012,'Hồng','anh_quan_ao/anh_mau/ao_thun_oversize_hong_1.jpg','anh_quan_ao/anh_mau/ao_thun_oversize_hong_2.jpg','anh_quan_ao/anh_mau/ao_thun_oversize_hong_3.jpg'),(269,1015,'Be','anh_quan_ao/anh_mau/so_mi_linen_tay_lung_be_1.jpg','anh_quan_ao/anh_mau/so_mi_linen_tay_lung_be_2.jpg','anh_quan_ao/anh_mau/so_mi_linen_tay_lung_be_3.jpg'),(270,1015,'Xanh Nhạt','anh_quan_ao/anh_mau/so_mi_linen_tay_lung_xanhnhat_1.jpg','anh_quan_ao/anh_mau/so_mi_linen_tay_lung_xanhnhat_2.jpg','anh_quan_ao/anh_mau/so_mi_linen_tay_lung_xanhnhat_3.jpg'),(271,1007,'Hồng','anh_quan_ao/anh_mau/ao_len_co_tim_hong_1.jpg','anh_quan_ao/anh_mau/ao_len_co_tim_hong_2.jpg','anh_quan_ao/anh_mau/ao_len_co_tim_hong_3.jpg'),(272,1007,'Be','anh_quan_ao/anh_mau/ao_len_co_tim_be_1.jpg','anh_quan_ao/anh_mau/ao_len_co_tim_be_2.jpg','anh_quan_ao/anh_mau/ao_len_co_tim_be_3.jpg'),(273,1007,'Xám','anh_quan_ao/anh_mau/ao_len_co_tim_xam_1.jpg','anh_quan_ao/anh_mau/ao_len_co_tim_xam_2.jpg','anh_quan_ao/anh_mau/ao_len_co_tim_xam_3.jpg'),(274,1001,'Trắng','anh_quan_ao/anh_mau/ao_thun_cotton_basic_trang_1.jpg','anh_quan_ao/anh_mau/ao_thun_cotton_basic_trang_2.jpg','anh_quan_ao/anh_mau/ao_thun_cotton_basic_trang_3.jpg'),(275,1001,'Đen','anh_quan_ao/anh_mau/ao_thun_cotton_basic_den_1.jpg','anh_quan_ao/anh_mau/ao_thun_cotton_basic_den_2.jpg','anh_quan_ao/anh_mau/ao_thun_cotton_basic_den_3.jpg'),(276,1001,'Xám','anh_quan_ao/anh_mau/ao_thun_cotton_basic_xam_1.jpg','anh_quan_ao/anh_mau/ao_thun_cotton_basic_xam_2.jpg','anh_quan_ao/anh_mau/ao_thun_cotton_basic_xam_3.jpg'),(277,1002,'Be','anh_quan_ao/anh_mau/so_mi_linen_co_dien_be_1.jpg','anh_quan_ao/anh_mau/so_mi_linen_co_dien_be_2.jpg','anh_quan_ao/anh_mau/so_mi_linen_co_dien_be_3.jpg'),(278,1002,'Xanh Navy','anh_quan_ao/anh_mau/so_mi_linen_co_dien_xanhnavy_1.jpg','anh_quan_ao/anh_mau/so_mi_linen_co_dien_xanhnavy_2.jpg','anh_quan_ao/anh_mau/so_mi_linen_co_dien_xanhnavy_3.jpg'),(279,1003,'Đen','anh_quan_ao/anh_mau/ao_polo_cotton_pique_den_1.jpg','anh_quan_ao/anh_mau/ao_polo_cotton_pique_den_2.jpg','anh_quan_ao/anh_mau/ao_polo_cotton_pique_den_3.jpg'),(280,1003,'Trắng','anh_quan_ao/anh_mau/ao_polo_cotton_pique_trang_1.jpg','anh_quan_ao/anh_mau/ao_polo_cotton_pique_trang_2.jpg','anh_quan_ao/anh_mau/ao_polo_cotton_pique_trang_3.jpg'),(281,1003,'Xanh rêu','anh_quan_ao/anh_mau/ao_polo_cotton_pique_xanhreu_1.jpg','anh_quan_ao/anh_mau/ao_polo_cotton_pique_xanhreu_2.jpg','anh_quan_ao/anh_mau/ao_polo_cotton_pique_xanhreu_3.jpg'),(282,1008,'Trắng','anh_quan_ao/anh_mau/ao_thun_polo_ngan_tay_trang_1.jpg','anh_quan_ao/anh_mau/ao_thun_polo_ngan_tay_trang_2.jpg','anh_quan_ao/anh_mau/ao_thun_polo_ngan_tay_trang_3.jpg'),(283,1008,'Xanh Dương','anh_quan_ao/anh_mau/ao_thun_polo_ngan_tay_xanhduong_1.jpg','anh_quan_ao/anh_mau/ao_thun_polo_ngan_tay_xanhduong_2.jpg','anh_quan_ao/anh_mau/ao_thun_polo_ngan_tay_xanhduong_3.jpg'),(284,1008,'Đen','anh_quan_ao/anh_mau/ao_thun_polo_ngan_tay_den_1.jpg','anh_quan_ao/anh_mau/ao_thun_polo_ngan_tay_den_2.jpg','anh_quan_ao/anh_mau/ao_thun_polo_ngan_tay_den_3.jpg'),(285,1011,'Trắng','anh_quan_ao/anh_mau/so_mi_coc_tay_ke_soc_trang_1.jpg','anh_quan_ao/anh_mau/so_mi_coc_tay_ke_soc_trang_2.jpg','anh_quan_ao/anh_mau/so_mi_coc_tay_ke_soc_trang_3.jpg'),(286,1011,'Xanh','anh_quan_ao/anh_mau/so_mi_coc_tay_ke_soc_xanh_1.jpg','anh_quan_ao/anh_mau/so_mi_coc_tay_ke_soc_xanh_2.jpg','anh_quan_ao/anh_mau/so_mi_coc_tay_ke_soc_xanh_3.jpg'),(287,1006,'Be','anh_quan_ao/anh_mau/ao_len_mong_co_tron_be_1.jpg','anh_quan_ao/anh_mau/ao_len_mong_co_tron_be_2.jpg','anh_quan_ao/anh_mau/ao_len_mong_co_tron_be_3.jpg'),(288,1006,'Nâu','anh_quan_ao/anh_mau/ao_len_mong_co_tron_nau_1.jpg','anh_quan_ao/anh_mau/ao_len_mong_co_tron_nau_2.jpg','anh_quan_ao/anh_mau/ao_len_mong_co_tron_nau_3.jpg'),(289,1006,'Xám','anh_quan_ao/anh_mau/ao_len_mong_co_tron_xam_1.jpg','anh_quan_ao/anh_mau/ao_len_mong_co_tron_xam_2.jpg','anh_quan_ao/anh_mau/ao_len_mong_co_tron_xam_3.jpg'),(290,1009,'Xám','anh_quan_ao/anh_mau/ao_khoac_cardigan_dai_xam_1.jpg','anh_quan_ao/anh_mau/ao_khoac_cardigan_dai_xam_2.jpg','anh_quan_ao/anh_mau/ao_khoac_cardigan_dai_xam_3.jpg'),(291,1009,'Đen','anh_quan_ao/anh_mau/ao_khoac_cardigan_dai_den_1.jpg','anh_quan_ao/anh_mau/ao_khoac_cardigan_dai_den_2.jpg','anh_quan_ao/anh_mau/ao_khoac_cardigan_dai_den_3.jpg'),(292,1009,'Be','anh_quan_ao/anh_mau/ao_khoac_cardigan_dai_be_1.jpg','anh_quan_ao/anh_mau/ao_khoac_cardigan_dai_be_2.jpg','anh_quan_ao/anh_mau/ao_khoac_cardigan_dai_be_3.jpg'),(296,1017,'Xám','anh_quan_ao/anh_mau/ao_hoodie_mong_xam_1.jpg','anh_quan_ao/anh_mau/ao_hoodie_mong_xam_2.jpg','anh_quan_ao/anh_mau/ao_hoodie_mong_xam_3.jpg'),(297,1017,'Đen','anh_quan_ao/anh_mau/ao_hoodie_mong_den_1.jpg','anh_quan_ao/anh_mau/ao_hoodie_mong_den_2.jpg','anh_quan_ao/anh_mau/ao_hoodie_mong_den_3.jpg'),(298,1017,'Be','anh_quan_ao/anh_mau/ao_hoodie_mong_be_1.jpg','anh_quan_ao/anh_mau/ao_hoodie_mong_be_2.jpg','anh_quan_ao/anh_mau/ao_hoodie_mong_be_3.jpg'),(299,1004,'Xám tro','anh_quan_ao/anh_mau/ao_hoodie_ni_phom_rong_xamtro_1.jpg','anh_quan_ao/anh_mau/ao_hoodie_ni_phom_rong_xamtro_2.jpg','anh_quan_ao/anh_mau/ao_hoodie_ni_phom_rong_xamtro_3.jpg'),(300,1004,'Kem','anh_quan_ao/anh_mau/ao_hoodie_ni_phom_rong_kem_1.jpg','anh_quan_ao/anh_mau/ao_hoodie_ni_phom_rong_kem_2.jpg','anh_quan_ao/anh_mau/ao_hoodie_ni_phom_rong_kem_3.jpg'),(301,1004,'Đen','anh_quan_ao/anh_mau/ao_hoodie_ni_phom_rong_den_1.jpg','anh_quan_ao/anh_mau/ao_hoodie_ni_phom_rong_den_2.jpg','anh_quan_ao/anh_mau/ao_hoodie_ni_phom_rong_den_3.jpg'),(302,1005,'Xanh Navy','anh_quan_ao/anh_mau/ao_khoac_gio_hai_lop_xanhnavy_1.jpg','anh_quan_ao/anh_mau/ao_khoac_gio_hai_lop_xanhnavy_2.jpg','anh_quan_ao/anh_mau/ao_khoac_gio_hai_lop_xanhnavy_3.jpg'),(303,1005,'Be','anh_quan_ao/anh_mau/ao_khoac_gio_hai_lop_be_1.jpg','anh_quan_ao/anh_mau/ao_khoac_gio_hai_lop_be_2.jpg','anh_quan_ao/anh_mau/ao_khoac_gio_hai_lop_be_3.jpg'),(304,1005,'Xám','anh_quan_ao/anh_mau/ao_khoac_gio_hai_lop_xam_1.jpg','anh_quan_ao/anh_mau/ao_khoac_gio_hai_lop_xam_2.jpg','anh_quan_ao/anh_mau/ao_khoac_gio_hai_lop_xam_3.jpg'),(305,1010,'Đen','anh_quan_ao/anh_mau/ao_khoac_phao_long_vu_den_1.jpg','anh_quan_ao/anh_mau/ao_khoac_phao_long_vu_den_2.jpg','anh_quan_ao/anh_mau/ao_khoac_phao_long_vu_den_3.jpg'),(306,1010,'Xanh Navy','anh_quan_ao/anh_mau/ao_khoac_phao_long_vu_xanhnavy_1.jpg','anh_quan_ao/anh_mau/ao_khoac_phao_long_vu_xanhnavy_2.jpg','anh_quan_ao/anh_mau/ao_khoac_phao_long_vu_xanhnavy_3.jpg'),(309,1018,'Đen','anh_quan_ao/anh_mau/ao_len_co_lo_den_1.jpg','anh_quan_ao/anh_mau/ao_len_co_lo_den_2.jpg','anh_quan_ao/anh_mau/ao_len_co_lo_den_3.jpg'),(310,1018,'Xám','anh_quan_ao/anh_mau/ao_len_co_lo_xam_1.jpg','anh_quan_ao/anh_mau/ao_len_co_lo_xam_2.jpg','anh_quan_ao/anh_mau/ao_len_co_lo_xam_3.jpg'),(311,1018,'Nâu','anh_quan_ao/anh_mau/ao_len_co_lo_nau_1.jpg','anh_quan_ao/anh_mau/ao_len_co_lo_nau_2.jpg','anh_quan_ao/anh_mau/ao_len_co_lo_nau_3.jpg'),(312,2001,'Xanh Đậm','anh_quan_ao/anh_mau/quan_jeans_slim_fit_xanhdam_1.jpg','anh_quan_ao/anh_mau/quan_jeans_slim_fit_xanhdam_2.jpg','anh_quan_ao/anh_mau/quan_jeans_slim_fit_xanhdam_3.jpg'),(313,2001,'Đen','anh_quan_ao/anh_mau/quan_jeans_slim_fit_den_1.jpg','anh_quan_ao/anh_mau/quan_jeans_slim_fit_den_2.jpg','anh_quan_ao/anh_mau/quan_jeans_slim_fit_den_3.jpg'),(314,2006,'Be','anh_quan_ao/anh_mau/quan_kaki_dai_mong_be_1.jpg','anh_quan_ao/anh_mau/quan_kaki_dai_mong_be_2.jpg','anh_quan_ao/anh_mau/quan_kaki_dai_mong_be_3.jpg'),(315,2006,'Xanh Olive','anh_quan_ao/anh_mau/quan_kaki_dai_mong_xanholive_1.jpg','anh_quan_ao/anh_mau/quan_kaki_dai_mong_xanholive_2.jpg','anh_quan_ao/anh_mau/quan_kaki_dai_mong_xanholive_3.jpg'),(316,2006,'Xám','anh_quan_ao/anh_mau/quan_kaki_dai_mong_xam_1.jpg','anh_quan_ao/anh_mau/quan_kaki_dai_mong_xam_2.jpg','anh_quan_ao/anh_mau/quan_kaki_dai_mong_xam_3.jpg'),(317,2004,'Trắng ngà','anh_quan_ao/anh_mau/quan_short_kaki_phang_trangnga_1.jpg','anh_quan_ao/anh_mau/quan_short_kaki_phang_trangnga_2.jpg','anh_quan_ao/anh_mau/quan_short_kaki_phang_trangnga_3.jpg'),(318,2004,'Xanh mint','anh_quan_ao/anh_mau/quan_short_kaki_phang_xanhmint_1.jpg','anh_quan_ao/anh_mau/quan_short_kaki_phang_xanhmint_2.jpg','anh_quan_ao/anh_mau/quan_short_kaki_phang_xanhmint_3.jpg'),(319,2007,'Xám','anh_quan_ao/anh_mau/quan_short_thun_nang_dong_xam_1.jpg','anh_quan_ao/anh_mau/quan_short_thun_nang_dong_xam_2.jpg','anh_quan_ao/anh_mau/quan_short_thun_nang_dong_xam_3.jpg'),(320,2007,'Đen','anh_quan_ao/anh_mau/quan_short_thun_nang_dong_den_1.jpg','anh_quan_ao/anh_mau/quan_short_thun_nang_dong_den_2.jpg','anh_quan_ao/anh_mau/quan_short_thun_nang_dong_den_3.jpg'),(321,2007,'Xanh','anh_quan_ao/anh_mau/quan_short_thun_nang_dong_xanh_1.jpg','anh_quan_ao/anh_mau/quan_short_thun_nang_dong_xanh_2.jpg','anh_quan_ao/anh_mau/quan_short_thun_nang_dong_xanh_3.jpg'),(322,2008,'Xanh','anh_quan_ao/anh_mau/chan_vay_suong_dai_xanh_1.jpg','anh_quan_ao/anh_mau/chan_vay_suong_dai_xanh_2.jpg','anh_quan_ao/anh_mau/chan_vay_suong_dai_xanh_3.jpg'),(323,2008,'Be','anh_quan_ao/anh_mau/chan_vay_suong_dai_be_1.jpg','anh_quan_ao/anh_mau/chan_vay_suong_dai_be_2.jpg','anh_quan_ao/anh_mau/chan_vay_suong_dai_be_3.jpg'),(324,2008,'Nâu','anh_quan_ao/anh_mau/chan_vay_suong_dai_nau_1.jpg','anh_quan_ao/anh_mau/chan_vay_suong_dai_nau_2.jpg','anh_quan_ao/anh_mau/chan_vay_suong_dai_nau_3.jpg'),(325,2002,'Đen','anh_quan_ao/anh_mau/chan_vay_chu_a_co_ban_den_1.jpg','anh_quan_ao/anh_mau/chan_vay_chu_a_co_ban_den_2.jpg','anh_quan_ao/anh_mau/chan_vay_chu_a_co_ban_den_3.jpg'),(326,2002,'Be','anh_quan_ao/anh_mau/chan_vay_chu_a_co_ban_be_1.jpg','anh_quan_ao/anh_mau/chan_vay_chu_a_co_ban_be_2.jpg','anh_quan_ao/anh_mau/chan_vay_chu_a_co_ban_be_3.jpg'),(327,2002,'Xanh','anh_quan_ao/anh_mau/chan_vay_chu_a_co_ban_xanh_1.jpg','anh_quan_ao/anh_mau/chan_vay_chu_a_co_ban_xanh_2.jpg','anh_quan_ao/anh_mau/chan_vay_chu_a_co_ban_xanh_3.jpg'),(328,2005,'Xanh Denim','anh_quan_ao/anh_mau/quan_jeans_ong_suong_xanhdenim_1.jpg','anh_quan_ao/anh_mau/quan_jeans_ong_suong_xanhdenim_2.jpg','anh_quan_ao/anh_mau/quan_jeans_ong_suong_xanhdenim_3.jpg'),(329,2005,'Đen','anh_quan_ao/anh_mau/quan_jeans_ong_suong_den_1.jpg','anh_quan_ao/anh_mau/quan_jeans_ong_suong_den_2.jpg','anh_quan_ao/anh_mau/quan_jeans_ong_suong_den_3.jpg'),(330,2003,'Đen','anh_quan_ao/anh_mau/quan_jogger_thun_basic_den_1.jpg','anh_quan_ao/anh_mau/quan_jogger_thun_basic_den_2.jpg','anh_quan_ao/anh_mau/quan_jogger_thun_basic_den_3.jpg'),(331,2003,'Xám Melange','anh_quan_ao/anh_mau/quan_jogger_thun_basic_xammelange_1.jpg','anh_quan_ao/anh_mau/quan_jogger_thun_basic_xammelange_2.jpg','anh_quan_ao/anh_mau/quan_jogger_thun_basic_xammelange_3.jpg'),(332,2009,'Xám','anh_quan_ao/anh_mau/quan_jogger_ni_am_xam_1.jpg','anh_quan_ao/anh_mau/quan_jogger_ni_am_xam_2.jpg','anh_quan_ao/anh_mau/quan_jogger_ni_am_xam_3.jpg'),(333,2009,'Đen','anh_quan_ao/anh_mau/quan_jogger_ni_am_den_1.jpg','anh_quan_ao/anh_mau/quan_jogger_ni_am_den_2.jpg','anh_quan_ao/anh_mau/quan_jogger_ni_am_den_3.jpg'),(334,2009,'Xanh Navy','anh_quan_ao/anh_mau/quan_jogger_ni_am_xanhnavy_1.jpg','anh_quan_ao/anh_mau/quan_jogger_ni_am_xanhnavy_2.jpg','anh_quan_ao/anh_mau/quan_jogger_ni_am_xanhnavy_3.jpg'),(335,2011,'Đen','anh_quan_ao/anh_mau/quan_legging_ni_den_1.jpg','anh_quan_ao/anh_mau/quan_legging_ni_den_2.jpg','anh_quan_ao/anh_mau/quan_legging_ni_den_3.jpg'),(336,2011,'Xám','anh_quan_ao/anh_mau/quan_legging_ni_xam_1.jpg','anh_quan_ao/anh_mau/quan_legging_ni_xam_2.jpg','anh_quan_ao/anh_mau/quan_legging_ni_xam_3.jpg'),(337,2013,'Be','anh_quan_ao/anh_mau/chan_vay_dai_len_be_1.jpg','anh_quan_ao/anh_mau/chan_vay_dai_len_be_2.jpg','anh_quan_ao/anh_mau/chan_vay_dai_len_be_3.jpg'),(338,2013,'Nâu','anh_quan_ao/anh_mau/chan_vay_dai_len_nau_1.jpg','anh_quan_ao/anh_mau/chan_vay_dai_len_nau_2.jpg','anh_quan_ao/anh_mau/chan_vay_dai_len_nau_3.jpg'),(339,2013,'Xám','anh_quan_ao/anh_mau/chan_vay_dai_len_xam_1.jpg','anh_quan_ao/anh_mau/chan_vay_dai_len_xam_2.jpg','anh_quan_ao/anh_mau/chan_vay_dai_len_xam_3.jpg'),(340,2010,'Xanh Denim','anh_quan_ao/anh_mau/quan_jeans_ong_con_xanhdenim_1.jpg','anh_quan_ao/anh_mau/quan_jeans_ong_con_xanhdenim_2.jpg','anh_quan_ao/anh_mau/quan_jeans_ong_con_xanhdenim_3.jpg'),(341,2010,'Đen','anh_quan_ao/anh_mau/quan_jeans_ong_con_den_1.jpg','anh_quan_ao/anh_mau/quan_jeans_ong_con_den_2.jpg','anh_quan_ao/anh_mau/quan_jeans_ong_con_den_3.jpg'),(342,2012,'Đen','anh_quan_ao/anh_mau/quan_da_ong_rong_den_1.jpg','anh_quan_ao/anh_mau/quan_da_ong_rong_den_2.jpg','anh_quan_ao/anh_mau/quan_da_ong_rong_den_3.jpg'),(343,2012,'Xám','anh_quan_ao/anh_mau/quan_da_ong_rong_xam_1.jpg','anh_quan_ao/anh_mau/quan_da_ong_rong_xam_2.jpg','anh_quan_ao/anh_mau/quan_da_ong_rong_xam_3.jpg'),(344,2012,'Nâu','anh_quan_ao/anh_mau/quan_da_ong_rong_nau_1.jpg','anh_quan_ao/anh_mau/quan_da_ong_rong_nau_2.jpg','anh_quan_ao/anh_mau/quan_da_ong_rong_nau_3.jpg'),(345,3001,'Nâu Đậm','anh_quan_ao/anh_mau/vi_da_gap_doi_toi_gian_naudam_1.jpg','anh_quan_ao/anh_mau/vi_da_gap_doi_toi_gian_naudam_2.jpg','anh_quan_ao/anh_mau/vi_da_gap_doi_toi_gian_naudam_3.jpg'),(346,3001,'Đen','anh_quan_ao/anh_mau/vi_da_gap_doi_toi_gian_den_1.jpg','anh_quan_ao/anh_mau/vi_da_gap_doi_toi_gian_den_2.jpg','anh_quan_ao/anh_mau/vi_da_gap_doi_toi_gian_den_3.jpg'),(347,3006,'Đen','anh_quan_ao/anh_mau/tui_deo_cheo_mini_den_1.jpg','anh_quan_ao/anh_mau/tui_deo_cheo_mini_den_2.jpg','anh_quan_ao/anh_mau/tui_deo_cheo_mini_den_3.jpg'),(348,3006,'Xám','anh_quan_ao/anh_mau/tui_deo_cheo_mini_xam_1.jpg','anh_quan_ao/anh_mau/tui_deo_cheo_mini_xam_2.jpg','anh_quan_ao/anh_mau/tui_deo_cheo_mini_xam_3.jpg'),(349,3006,'Nâu','anh_quan_ao/anh_mau/tui_deo_cheo_mini_nau_1.jpg','anh_quan_ao/anh_mau/tui_deo_cheo_mini_nau_2.jpg','anh_quan_ao/anh_mau/tui_deo_cheo_mini_nau_3.jpg'),(350,3002,'Đen','anh_quan_ao/anh_mau/that_lung_da_khoa_co_dien_den_1.jpg','anh_quan_ao/anh_mau/that_lung_da_khoa_co_dien_den_2.jpg','anh_quan_ao/anh_mau/that_lung_da_khoa_co_dien_den_3.jpg'),(351,3002,'Nâu','anh_quan_ao/anh_mau/that_lung_da_khoa_co_dien_nau_1.jpg','anh_quan_ao/anh_mau/that_lung_da_khoa_co_dien_nau_2.jpg','anh_quan_ao/anh_mau/that_lung_da_khoa_co_dien_nau_3.jpg'),(352,3003,'Trắng','anh_quan_ao/anh_mau/tui_tote_vai_canvas_lon_trang_1.jpg','anh_quan_ao/anh_mau/tui_tote_vai_canvas_lon_trang_2.jpg','anh_quan_ao/anh_mau/tui_tote_vai_canvas_lon_trang_3.jpg'),(353,3003,'Đen','anh_quan_ao/anh_mau/tui_tote_vai_canvas_lon_den_1.jpg','anh_quan_ao/anh_mau/tui_tote_vai_canvas_lon_den_2.jpg','anh_quan_ao/anh_mau/tui_tote_vai_canvas_lon_den_3.jpg'),(354,3004,'Đen','anh_quan_ao/anh_mau/mu_luoi_trai_cotton_tron_den_1.jpg','anh_quan_ao/anh_mau/mu_luoi_trai_cotton_tron_den_2.jpg','anh_quan_ao/anh_mau/mu_luoi_trai_cotton_tron_den_3.jpg'),(355,3004,'Trắng','anh_quan_ao/anh_mau/mu_luoi_trai_cotton_tron_trang_1.jpg','anh_quan_ao/anh_mau/mu_luoi_trai_cotton_tron_trang_2.jpg','anh_quan_ao/anh_mau/mu_luoi_trai_cotton_tron_trang_3.jpg'),(356,3004,'Nâu','anh_quan_ao/anh_mau/mu_luoi_trai_cotton_tron_nau_1.jpg','anh_quan_ao/anh_mau/mu_luoi_trai_cotton_tron_nau_2.jpg','anh_quan_ao/anh_mau/mu_luoi_trai_cotton_tron_nau_3.jpg'),(357,3007,'Đen','anh_quan_ao/anh_mau/tui_deo_vai_da_tong_hop_den_1.jpg','anh_quan_ao/anh_mau/tui_deo_vai_da_tong_hop_den_2.jpg','anh_quan_ao/anh_mau/tui_deo_vai_da_tong_hop_den_3.jpg'),(358,3007,'Nâu','anh_quan_ao/anh_mau/tui_deo_vai_da_tong_hop_nau_1.jpg','anh_quan_ao/anh_mau/tui_deo_vai_da_tong_hop_nau_2.jpg','anh_quan_ao/anh_mau/tui_deo_vai_da_tong_hop_nau_3.jpg'),(359,3008,'Đen','anh_quan_ao/anh_mau/mu_beanie_len_den_1.jpg','anh_quan_ao/anh_mau/mu_beanie_len_den_2.jpg','anh_quan_ao/anh_mau/mu_beanie_len_den_3.jpg'),(360,3008,'Xám','anh_quan_ao/anh_mau/mu_beanie_len_xam_1.jpg','anh_quan_ao/anh_mau/mu_beanie_len_xam_2.jpg','anh_quan_ao/anh_mau/mu_beanie_len_xam_3.jpg'),(361,3008,'Nâu','anh_quan_ao/anh_mau/mu_beanie_len_nau_1.jpg','anh_quan_ao/anh_mau/mu_beanie_len_nau_2.jpg','anh_quan_ao/anh_mau/mu_beanie_len_nau_3.jpg'),(362,3009,'Đen','anh_quan_ao/anh_mau/that_lung_da_khoa_kim_loai_den_1.jpg','anh_quan_ao/anh_mau/that_lung_da_khoa_kim_loai_den_2.jpg','anh_quan_ao/anh_mau/that_lung_da_khoa_kim_loai_den_3.jpg'),(363,3009,'Nâu','anh_quan_ao/anh_mau/that_lung_da_khoa_kim_loai_nau_1.jpg','anh_quan_ao/anh_mau/that_lung_da_khoa_kim_loai_nau_2.jpg','anh_quan_ao/anh_mau/that_lung_da_khoa_kim_loai_nau_3.jpg'),(364,3010,'Trắng','anh_quan_ao/anh_mau/vo_ngan_cotton_basic_pack_5_trang_1.jpg','anh_quan_ao/anh_mau/vo_ngan_cotton_basic_pack_5_trang_2.jpg','anh_quan_ao/anh_mau/vo_ngan_cotton_basic_pack_5_trang_3.jpg'),(365,3010,'Xám','anh_quan_ao/anh_mau/vo_ngan_cotton_basic_pack_5_xam_1.jpg','anh_quan_ao/anh_mau/vo_ngan_cotton_basic_pack_5_xam_2.jpg','anh_quan_ao/anh_mau/vo_ngan_cotton_basic_pack_5_xam_3.jpg'),(366,3010,'Đen','anh_quan_ao/anh_mau/vo_ngan_cotton_basic_pack_5_den_1.jpg','anh_quan_ao/anh_mau/vo_ngan_cotton_basic_pack_5_den_2.jpg','anh_quan_ao/anh_mau/vo_ngan_cotton_basic_pack_5_den_3.jpg'),(367,3011,'Đen','anh_quan_ao/anh_mau/tui_deo_hong_thoi_trang_den_1.jpg','anh_quan_ao/anh_mau/tui_deo_hong_thoi_trang_den_2.jpg','anh_quan_ao/anh_mau/tui_deo_hong_thoi_trang_den_3.jpg'),(368,3011,'Xanh Olive','anh_quan_ao/anh_mau/tui_deo_hong_thoi_trang_xanholive_1.jpg','anh_quan_ao/anh_mau/tui_deo_hong_thoi_trang_xanholive_2.jpg','anh_quan_ao/anh_mau/tui_deo_hong_thoi_trang_xanholive_3.jpg'),(369,3012,'Đen','anh_quan_ao/anh_mau/tui_deo_vai_mini_den_1.jpg','anh_quan_ao/anh_mau/tui_deo_vai_mini_den_2.jpg','anh_quan_ao/anh_mau/tui_deo_vai_mini_den_3.jpg'),(370,3012,'Be','anh_quan_ao/anh_mau/tui_deo_vai_mini_be_1.jpg','anh_quan_ao/anh_mau/tui_deo_vai_mini_be_2.jpg','anh_quan_ao/anh_mau/tui_deo_vai_mini_be_3.jpg'),(371,3013,'Đen','anh_quan_ao/anh_mau/mu_snapback_the_thao_den_1.jpg','anh_quan_ao/anh_mau/mu_snapback_the_thao_den_2.jpg','anh_quan_ao/anh_mau/mu_snapback_the_thao_den_3.jpg'),(372,3013,'Xanh Navy','anh_quan_ao/anh_mau/mu_snapback_the_thao_xanhnavy_1.jpg','anh_quan_ao/anh_mau/mu_snapback_the_thao_xanhnavy_2.jpg','anh_quan_ao/anh_mau/mu_snapback_the_thao_xanhnavy_3.jpg'),(373,3013,'Trắng','anh_quan_ao/anh_mau/mu_snapback_the_thao_trang_1.jpg','anh_quan_ao/anh_mau/mu_snapback_the_thao_trang_2.jpg','anh_quan_ao/anh_mau/mu_snapback_the_thao_trang_3.jpg'),(374,3014,'Trắng','anh_quan_ao/anh_mau/vo_co_cao_thoi_trang_pack_3_trang_1.jpg','anh_quan_ao/anh_mau/vo_co_cao_thoi_trang_pack_3_trang_2.jpg','anh_quan_ao/anh_mau/vo_co_cao_thoi_trang_pack_3_trang_3.jpg'),(375,3014,'Xám','anh_quan_ao/anh_mau/vo_co_cao_thoi_trang_pack_3_xam_1.jpg','anh_quan_ao/anh_mau/vo_co_cao_thoi_trang_pack_3_xam_2.jpg','anh_quan_ao/anh_mau/vo_co_cao_thoi_trang_pack_3_xam_3.jpg'),(376,3014,'Đen','anh_quan_ao/anh_mau/vo_co_cao_thoi_trang_pack_3_den_1.jpg','anh_quan_ao/anh_mau/vo_co_cao_thoi_trang_pack_3_den_2.jpg','anh_quan_ao/anh_mau/vo_co_cao_thoi_trang_pack_3_den_3.jpg'),(377,1012,'Trắng','anh_quan_ao/anh_mau/ao_thun_oversize_mau_trang.jpg','anh_quan_ao/anh_mau/ao_thun_oversize_trang_2.jpg','anh_quan_ao/anh_mau/ao_thun_oversize_trang_3.jpg'),(378,1012,'Nâu','anh_quan_ao/anh_mau/ao_thun_oversize_mau_nau.jpg','anh_quan_ao/anh_mau/ao_thun_oversize_den_2.jpg','anh_quan_ao/anh_mau/ao_thun_oversize_den_3.jpg'),(379,1012,'Hồng','anh_quan_ao/anh_mau/ao_thun_oversize_mau_hong.jpg','anh_quan_ao/anh_mau/ao_thun_oversize_hong_2.jpg','anh_quan_ao/anh_mau/ao_thun_oversize_hong_3.jpg'),(380,1015,'Đen','anh_quan_ao/anh_mau/so_mi_linen_tay_lung_mau_den.jpg','anh_quan_ao/anh_mau/so_mi_linen_tay_lung_be_2.jpg','anh_quan_ao/anh_mau/so_mi_linen_tay_lung_be_3.jpg'),(381,1015,'Xanh Nhạt','anh_quan_ao/anh_mau/so_mi_linen_tay_lung_mau_xanh.jpg','anh_quan_ao/anh_mau/so_mi_linen_tay_lung_xanhnhat_2.jpg','anh_quan_ao/anh_mau/so_mi_linen_tay_lung_xanhnhat_3.jpg'),(382,1015,'Vàng','anh_quan_ao/anh_mau/so_mi_linen_tay_lung_mau_vang.jpg','anh_quan_ao/anh_mau/so_mi_linen_tay_lung_be_2.jpg','anh_quan_ao/anh_mau/so_mi_linen_tay_lung_be_3.jpg'),(383,1007,'Xanh','anh_quan_ao/anh_mau/ao_len_co_tim_mau_xanh.jpg','anh_quan_ao/anh_mau/ao_len_co_tim_hong_2.jpg','anh_quan_ao/anh_mau/ao_len_co_tim_hong_3.jpg'),(384,1007,'Đỏ','anh_quan_ao/anh_mau/ao_len_co_tim_mau_do.jpg','anh_quan_ao/anh_mau/ao_len_co_tim_be_2.jpg','anh_quan_ao/anh_mau/ao_len_co_tim_be_3.jpg'),(385,1007,'Xám','anh_quan_ao/anh_mau/ao_len_co_tim_mau_xam.jpg','anh_quan_ao/anh_mau/ao_len_co_tim_xam_2.jpg','anh_quan_ao/anh_mau/ao_len_co_tim_xam_3.jpg'),(386,1001,'Trắng','anh_quan_ao/anh_mau/ao_thun_cotton_basic_mau_trang.jpg','anh_quan_ao/anh_mau/ao_thun_cotton_basic_trang_2.jpg','anh_quan_ao/anh_mau/ao_thun_cotton_basic_trang_3.jpg'),(387,1001,'Đỏ','anh_quan_ao/anh_mau/ao_thun_cotton_basic_mau_do.jpg','anh_quan_ao/anh_mau/ao_thun_cotton_basic_den_2.jpg','anh_quan_ao/anh_mau/ao_thun_cotton_basic_den_3.jpg'),(388,1001,'Xanh','anh_quan_ao/anh_mau/ao_thun_cotton_basic_mau_xanh.jpg','anh_quan_ao/anh_mau/ao_thun_cotton_basic_xam_2.jpg','anh_quan_ao/anh_mau/ao_thun_cotton_basic_xam_3.jpg'),(389,1002,'Hồng','anh_quan_ao/anh_mau/so_mi_linen_co_dien_mau_hong.jpg','anh_quan_ao/anh_mau/so_mi_linen_co_dien_be_2.jpg','anh_quan_ao/anh_mau/so_mi_linen_co_dien_be_3.jpg'),(390,1002,'Xanh Navy','anh_quan_ao/anh_mau/so_mi_linen_co_dien_mau_xanh.jpg','anh_quan_ao/anh_mau/so_mi_linen_co_dien_xanhnavy_2.jpg','anh_quan_ao/anh_mau/so_mi_linen_co_dien_xanhnavy_3.jpg'),(391,1002,'Vàng','anh_quan_ao/anh_mau/so_mi_linen_co_dien_mau_vang.jpg','anh_quan_ao/anh_mau/so_mi_linen_co_dien_be_2.jpg','anh_quan_ao/anh_mau/so_mi_linen_co_dien_be_3.jpg'),(392,1003,'Be','anh_quan_ao/anh_mau/ao_polo_cotton_pique_mau_be.jpg','anh_quan_ao/anh_mau/ao_polo_cotton_pique_den_2.jpg','anh_quan_ao/anh_mau/ao_polo_cotton_pique_den_3.jpg'),(393,1003,'Hồng','anh_quan_ao/anh_mau/ao_polo_cotton_pique_mau_hong.jpg','anh_quan_ao/anh_mau/ao_polo_cotton_pique_trang_2.jpg','anh_quan_ao/anh_mau/ao_polo_cotton_pique_trang_3.jpg'),(394,1003,'Xám','anh_quan_ao/anh_mau/ao_polo_cotton_pique_mau_xam.jpg','anh_quan_ao/anh_mau/ao_polo_cotton_pique_xanhreu_2.jpg','anh_quan_ao/anh_mau/ao_polo_cotton_pique_xanhreu_3.jpg'),(395,1008,'Trắng','anh_quan_ao/anh_mau/ao_thun_polo_ngan_tay_mau_trang.jpg','anh_quan_ao/anh_mau/ao_thun_polo_ngan_tay_trang_2.jpg','anh_quan_ao/anh_mau/ao_thun_polo_ngan_tay_trang_3.jpg'),(396,1008,'Xanh Dương','anh_quan_ao/anh_mau/ao_thun_polo_ngan_tay_mau_xanh.jpg','anh_quan_ao/anh_mau/ao_thun_polo_ngan_tay_xanhduong_2.jpg','anh_quan_ao/anh_mau/ao_thun_polo_ngan_tay_xanhduong_3.jpg'),(397,1008,'Đen','anh_quan_ao/anh_mau/ao_thun_polo_ngan_tay_mau_den.jpg','anh_quan_ao/anh_mau/ao_thun_polo_ngan_tay_den_2.jpg','anh_quan_ao/anh_mau/ao_thun_polo_ngan_tay_den_3.jpg'),(398,1011,'Đen','anh_quan_ao/anh_mau/so_mi_coc_tay_ke_soc_mau_den.jpg','anh_quan_ao/anh_mau/so_mi_coc_tay_ke_soc_trang_2.jpg','anh_quan_ao/anh_mau/so_mi_coc_tay_ke_soc_trang_3.jpg'),(399,1011,'Xanh','anh_quan_ao/anh_mau/so_mi_coc_tay_ke_soc_mau_xanh.jpg','anh_quan_ao/anh_mau/so_mi_coc_tay_ke_soc_xanh_2.jpg','anh_quan_ao/anh_mau/so_mi_coc_tay_ke_soc_xanh_3.jpg'),(400,1011,'Đỏ','anh_quan_ao/anh_mau/so_mi_coc_tay_ke_soc_mau_do.jpg','anh_quan_ao/anh_mau/so_mi_coc_tay_ke_soc_xanh_2.jpg','anh_quan_ao/anh_mau/so_mi_coc_tay_ke_soc_xanh_3.jpg'),(401,1006,'Be','anh_quan_ao/anh_mau/ao_len_mong_co_tron_mau_da.jpg','anh_quan_ao/anh_mau/ao_len_mong_co_tron_be_2.jpg','anh_quan_ao/anh_mau/ao_len_mong_co_tron_be_3.jpg'),(402,1006,'Xanh','anh_quan_ao/anh_mau/ao_len_mong_co_tron_mau_xanh.jpg','anh_quan_ao/anh_mau/ao_len_mong_co_tron_nau_2.jpg','anh_quan_ao/anh_mau/ao_len_mong_co_tron_nau_3.jpg'),(403,1006,'Xanh Lá','anh_quan_ao/anh_mau/ao_len_mong_co_tron_mau_xanh_la.jpg','anh_quan_ao/anh_mau/ao_len_mong_co_tron_xam_2.jpg','anh_quan_ao/anh_mau/ao_len_mong_co_tron_xam_3.jpg'),(404,1009,'Trắng','anh_quan_ao/anh_mau/ao_khoac_cardigan_dai_mau_trang.jpg','anh_quan_ao/anh_mau/ao_khoac_cardigan_dai_xam_2.jpg','anh_quan_ao/anh_mau/ao_khoac_cardigan_dai_xam_3.jpg'),(405,1009,'Đen','anh_quan_ao/anh_mau/ao_khoac_cardigan_dai_mau_den.jpg','anh_quan_ao/anh_mau/ao_khoac_cardigan_dai_den_2.jpg','anh_quan_ao/anh_mau/ao_khoac_cardigan_dai_den_3.jpg'),(406,1009,'Đỏ','anh_quan_ao/anh_mau/ao_khoac_cardigan_dai_mau_do.jpg','anh_quan_ao/anh_mau/ao_khoac_cardigan_dai_be_2.jpg','anh_quan_ao/anh_mau/ao_khoac_cardigan_dai_be_3.jpg'),(410,1017,'Xanh Lá','anh_quan_ao/anh_mau/ao_hoodie_mong_mau_xanh_la.jpg','anh_quan_ao/anh_mau/ao_hoodie_mong_xam_2.jpg','anh_quan_ao/anh_mau/ao_hoodie_mong_xam_3.jpg'),(411,1017,'Đỏ','anh_quan_ao/anh_mau/ao_hoodie_mong_mau_do.jpg','anh_quan_ao/anh_mau/ao_hoodie_mong_den_2.jpg','anh_quan_ao/anh_mau/ao_hoodie_mong_den_3.jpg'),(412,1017,'Trắng','anh_quan_ao/anh_mau/ao_hoodie_mong_mau_trang.jpg','anh_quan_ao/anh_mau/ao_hoodie_mong_be_2.jpg','anh_quan_ao/anh_mau/ao_hoodie_mong_be_3.jpg'),(413,1004,'Hồng','anh_quan_ao/anh_mau/ao_hoodie_ni_phom_rong_mau_hong.jpg','anh_quan_ao/anh_mau/ao_hoodie_ni_phom_rong_xamtro_2.jpg','anh_quan_ao/anh_mau/ao_hoodie_ni_phom_rong_xamtro_3.jpg'),(414,1004,'Trắng','anh_quan_ao/anh_mau/ao_hoodie_ni_phom_rong_mau_trang.jpg','anh_quan_ao/anh_mau/ao_hoodie_ni_phom_rong_kem_2.jpg','anh_quan_ao/anh_mau/ao_hoodie_ni_phom_rong_kem_3.jpg'),(415,1004,'Đen','anh_quan_ao/anh_mau/ao_hoodie_ni_phom_rong_mau_den.jpg','anh_quan_ao/anh_mau/ao_hoodie_ni_phom_rong_den_2.jpg','anh_quan_ao/anh_mau/ao_hoodie_ni_phom_rong_den_3.jpg'),(416,1005,'Xanh Navy','anh_quan_ao/anh_mau/ao_khoac_gio_hai_lop_mau_xanh.jpg','anh_quan_ao/anh_mau/ao_khoac_gio_hai_lop_xanhnavy_2.jpg','anh_quan_ao/anh_mau/ao_khoac_gio_hai_lop_xanhnavy_3.jpg'),(417,1005,'Đen','anh_quan_ao/anh_mau/ao_khoac_gio_hai_lop_mau_den.jpg','anh_quan_ao/anh_mau/ao_khoac_gio_hai_lop_be_2.jpg','anh_quan_ao/anh_mau/ao_khoac_gio_hai_lop_be_3.jpg'),(418,1005,'Rêu','anh_quan_ao/anh_mau/ao_khoac_gio_hai_lop_mau_reu.jpg','anh_quan_ao/anh_mau/ao_khoac_gio_hai_lop_xam_2.jpg','anh_quan_ao/anh_mau/ao_khoac_gio_hai_lop_xam_3.jpg'),(419,1010,'Đen','anh_quan_ao/anh_mau/ao_khoac_phao_long_vu_mau_den.jpg','anh_quan_ao/anh_mau/ao_khoac_phao_long_vu_den_2.jpg','anh_quan_ao/anh_mau/ao_khoac_phao_long_vu_den_3.jpg'),(420,1010,'Trắng','anh_quan_ao/anh_mau/ao_khoac_phao_long_vu_mau_xanh.jpg','anh_quan_ao/anh_mau/ao_khoac_phao_long_vu_xanhnavy_2.jpg','anh_quan_ao/anh_mau/ao_khoac_phao_long_vu_xanhnavy_3.jpg'),(421,1010,'Be','anh_quan_ao/anh_mau/ao_khoac_phao_long_vu_mau_be.jpg','anh_quan_ao/anh_mau/ao_khoac_phao_long_vu_xanhnavy_2.jpg','anh_quan_ao/anh_mau/ao_khoac_phao_long_vu_xanhnavy_3.jpg'),(425,1018,'Đen','anh_quan_ao/anh_mau/ao_len_co_lo_mau_den.jpg','anh_quan_ao/anh_mau/ao_len_co_lo_den_2.jpg','anh_quan_ao/anh_mau/ao_len_co_lo_den_3.jpg'),(426,1018,'Xám','anh_quan_ao/anh_mau/ao_len_co_lo_mau_xam.jpg','anh_quan_ao/anh_mau/ao_len_co_lo_xam_2.jpg','anh_quan_ao/anh_mau/ao_len_co_lo_xam_3.jpg'),(427,1018,'Xanh','anh_quan_ao/anh_mau/ao_len_co_lo_mau_xanh.jpg','anh_quan_ao/anh_mau/ao_len_co_lo_nau_2.jpg','anh_quan_ao/anh_mau/ao_len_co_lo_nau_3.jpg'),(428,2001,'Xanh Đậm','anh_quan_ao/anh_mau/quan_jeans_slim_fit_mau_xanh.jpg','anh_quan_ao/anh_mau/quan_jeans_slim_fit_xanhdam_2.jpg','anh_quan_ao/anh_mau/quan_jeans_slim_fit_xanhdam_3.jpg'),(429,2006,'Đen','anh_quan_ao/anh_mau/quan_kaki_dai_mong_mau_den.jpg','anh_quan_ao/anh_mau/quan_kaki_dai_mong_be_2.jpg','anh_quan_ao/anh_mau/quan_kaki_dai_mong_be_3.jpg'),(430,2006,'Xám','anh_quan_ao/anh_mau/quan_kaki_dai_mong_mau_xam.jpg','anh_quan_ao/anh_mau/quan_kaki_dai_mong_xam_2.jpg','anh_quan_ao/anh_mau/quan_kaki_dai_mong_xam_3.jpg'),(431,2004,'Đen','anh_quan_ao/anh_mau/quan_short_kaki_phang_mau_den.jpg','anh_quan_ao/anh_mau/quan_short_kaki_phang_trangnga_2.jpg','anh_quan_ao/anh_mau/quan_short_kaki_phang_trangnga_3.jpg'),(432,2004,'Xanh','anh_quan_ao/anh_mau/quan_short_kaki_phang_mau_xanh.jpg','anh_quan_ao/anh_mau/quan_short_kaki_phang_xanhmint_2.jpg','anh_quan_ao/anh_mau/quan_short_kaki_phang_xanhmint_3.jpg'),(433,2007,'Nâu','anh_quan_ao/anh_mau/quan_short_thun_nang_dong_mau_nau.jpg','anh_quan_ao/anh_mau/quan_short_thun_nang_dong_xam_2.jpg','anh_quan_ao/anh_mau/quan_short_thun_nang_dong_xam_3.jpg'),(434,2007,'Đen','anh_quan_ao/anh_mau/quan_short_thun_nang_dong_mau_den.jpg','anh_quan_ao/anh_mau/quan_short_thun_nang_dong_den_2.jpg','anh_quan_ao/anh_mau/quan_short_thun_nang_dong_den_3.jpg'),(435,2008,'Xanh','anh_quan_ao/anh_mau/chan_vay_suong_dai_mau_xanh.jpg','anh_quan_ao/anh_mau/chan_vay_suong_dai_xanh_2.jpg','anh_quan_ao/anh_mau/chan_vay_suong_dai_xanh_3.jpg'),(436,2008,'Trắng','anh_quan_ao/anh_mau/chan_vay_suong_dai_mau_trang.jpg','anh_quan_ao/anh_mau/chan_vay_suong_dai_be_2.jpg','anh_quan_ao/anh_mau/chan_vay_suong_dai_be_3.jpg'),(437,2002,'Đen','anh_quan_ao/anh_mau/chan_vay_chu_a_co_ban_mau_den.jpg','anh_quan_ao/anh_mau/chan_vay_chu_a_co_ban_den_2.jpg','anh_quan_ao/anh_mau/chan_vay_chu_a_co_ban_den_3.jpg'),(438,2002,'Tím','anh_quan_ao/anh_mau/chan_vay_chu_a_co_ban_mau_tim.jpg','anh_quan_ao/anh_mau/chan_vay_chu_a_co_ban_be_2.jpg','anh_quan_ao/anh_mau/chan_vay_chu_a_co_ban_be_3.jpg'),(439,2005,'Xanh Denim','anh_quan_ao/anh_mau/quan_jeans_ong_suong_mau_xanh_dam.jpg','anh_quan_ao/anh_mau/quan_jeans_ong_suong_xanhdenim_2.jpg','anh_quan_ao/anh_mau/quan_jeans_ong_suong_xanhdenim_3.jpg'),(440,2003,'Xám Melange','anh_quan_ao/anh_mau/quan_jogger_thun_basic_mau_xam.jpg','anh_quan_ao/anh_mau/quan_jogger_thun_basic_xammelange_2.jpg','anh_quan_ao/anh_mau/quan_jogger_thun_basic_xammelange_3.jpg'),(441,2009,'Đỏ','anh_quan_ao/anh_mau/quan_jogger_ni_am_mau_do.jpg','anh_quan_ao/anh_mau/quan_jogger_ni_am_xam_2.jpg','anh_quan_ao/anh_mau/quan_jogger_ni_am_xam_3.jpg'),(442,2009,'Đen','anh_quan_ao/anh_mau/quan_jogger_ni_am_mau_den.jpg','anh_quan_ao/anh_mau/quan_jogger_ni_am_den_2.jpg','anh_quan_ao/anh_mau/quan_jogger_ni_am_den_3.jpg'),(443,2009,'Xanh Navy','anh_quan_ao/anh_mau/quan_jogger_ni_am_mau_xanh.jpg','anh_quan_ao/anh_mau/quan_jogger_ni_am_xanhnavy_2.jpg','anh_quan_ao/anh_mau/quan_jogger_ni_am_xanhnavy_3.jpg'),(444,2011,'Đỏ','anh_quan_ao/anh_mau/quan_legging_ni_mau_do.jpg','anh_quan_ao/anh_mau/quan_legging_ni_den_2.jpg','anh_quan_ao/anh_mau/quan_legging_ni_den_3.jpg'),(445,2011,'Nâu','anh_quan_ao/anh_mau/quan_legging_ni_mau_nau.jpg','anh_quan_ao/anh_mau/quan_legging_ni_xam_2.jpg','anh_quan_ao/anh_mau/quan_legging_ni_xam_3.jpg'),(446,2013,'Nâu','anh_quan_ao/anh_mau/chan_vay_dai_len_mau_nau.jpg','anh_quan_ao/anh_mau/chan_vay_dai_len_nau_2.jpg','anh_quan_ao/anh_mau/chan_vay_dai_len_nau_3.jpg'),(447,2013,'Vàng','anh_quan_ao/anh_mau/chan_vay_dai_len_mau_vang.jpg','anh_quan_ao/anh_mau/chan_vay_dai_len_xam_2.jpg','anh_quan_ao/anh_mau/chan_vay_dai_len_xam_3.jpg'),(448,2010,'Xanh Denim','anh_quan_ao/anh_mau/quan_jeans_ong_con_mau_xanh_nhat.jpg','anh_quan_ao/anh_mau/quan_jeans_ong_con_xanhdenim_2.jpg','anh_quan_ao/anh_mau/quan_jeans_ong_con_xanhdenim_3.jpg'),(449,2012,'Xanh','anh_quan_ao/anh_mau/quan_da_ong_rong_mau_xanh.jpg','anh_quan_ao/anh_mau/quan_da_ong_rong_nau_2.jpg','anh_quan_ao/anh_mau/quan_da_ong_rong_nau_3.jpg'),(450,3001,'Hồng','anh_quan_ao/anh_mau/vi_da_gap_doi_toi_gian_mau_hong.jpg','anh_quan_ao/anh_mau/vi_da_gap_doi_toi_gian_naudam_2.jpg','anh_quan_ao/anh_mau/vi_da_gap_doi_toi_gian_naudam_3.jpg'),(451,3001,'Xanh','anh_quan_ao/anh_mau/vi_da_gap_doi_toi_gian_mau_xanh.jpg','anh_quan_ao/anh_mau/vi_da_gap_doi_toi_gian_den_2.jpg','anh_quan_ao/anh_mau/vi_da_gap_doi_toi_gian_den_3.jpg'),(452,3006,'Nâu','anh_quan_ao/anh_mau/tui_deo_cheo_mini_mau_nau.jpg','anh_quan_ao/anh_mau/tui_deo_cheo_mini_nau_2.jpg','anh_quan_ao/anh_mau/tui_deo_cheo_mini_nau_3.jpg'),(453,3002,'Nâu','anh_quan_ao/anh_mau/that_lung_da_mau_nau.jpg','anh_quan_ao/anh_mau/that_lung_da_khoa_co_dien_nau_2.jpg','anh_quan_ao/anh_mau/that_lung_da_khoa_co_dien_nau_3.jpg'),(454,3003,'Vàng','anh_quan_ao/anh_mau/tui_tote_vai_canvas_mau_vang.jpg','anh_quan_ao/anh_mau/tui_tote_vai_canvas_lon_den_2.jpg','anh_quan_ao/anh_mau/tui_tote_vai_canvas_lon_den_3.jpg'),(455,3004,'Đỏ','anh_quan_ao/anh_mau/mu_luoi_trai_mau_do.jpg','anh_quan_ao/anh_mau/mu_luoi_trai_cotton_tron_den_2.jpg','anh_quan_ao/anh_mau/mu_luoi_trai_cotton_tron_den_3.jpg'),(456,3004,'Trắng','anh_quan_ao/anh_mau/mu_luoi_trai_mau_trang.jpg','anh_quan_ao/anh_mau/mu_luoi_trai_cotton_tron_trang_2.jpg','anh_quan_ao/anh_mau/mu_luoi_trai_cotton_tron_trang_3.jpg'),(457,3004,'Xám','anh_quan_ao/anh_mau/mu_luoi_trai_mau_xam.jpg','anh_quan_ao/anh_mau/mu_luoi_trai_cotton_tron_nau_2.jpg','anh_quan_ao/anh_mau/mu_luoi_trai_cotton_tron_nau_3.jpg'),(458,3007,'Đen','anh_quan_ao/anh_mau/tui_deo_vai_da_mau_den.jpg','anh_quan_ao/anh_mau/tui_deo_vai_da_tong_hop_den_2.jpg','anh_quan_ao/anh_mau/tui_deo_vai_da_tong_hop_den_3.jpg'),(459,3008,'Đen','anh_quan_ao/anh_mau/mu_beanie_len_mau_den.jpg','anh_quan_ao/anh_mau/mu_beanie_len_den_2.jpg','anh_quan_ao/anh_mau/mu_beanie_len_den_3.jpg'),(460,3008,'Đỏ','anh_quan_ao/anh_mau/mu_beanie_len_mau_do.jpg','anh_quan_ao/anh_mau/mu_beanie_len_xam_2.jpg','anh_quan_ao/anh_mau/mu_beanie_len_xam_3.jpg'),(461,3008,'Vàng','anh_quan_ao/anh_mau/mu_beanie_len_mau_vang.jpg','anh_quan_ao/anh_mau/mu_beanie_len_nau_2.jpg','anh_quan_ao/anh_mau/mu_beanie_len_nau_3.jpg'),(462,3009,'Đen','anh_quan_ao/anh_mau/that_lung_da_khoa_kim_loai_mau_den.jpg','anh_quan_ao/anh_mau/that_lung_da_khoa_kim_loai_den_2.jpg','anh_quan_ao/anh_mau/that_lung_da_khoa_kim_loai_den_3.jpg'),(463,3010,'Xám','anh_quan_ao/anh_mau/vo_ngan_cotton_basic_pack_5_mau_xam.jpg','anh_quan_ao/anh_mau/vo_ngan_cotton_basic_pack_5_xam_2.jpg','anh_quan_ao/anh_mau/vo_ngan_cotton_basic_pack_5_xam_3.jpg'),(464,3011,'Xanh','anh_quan_ao/anh_mau/tui_deo_hong_thoi_trang_mau_xanh.jpg','anh_quan_ao/anh_mau/tui_deo_hong_thoi_trang_den_2.jpg','anh_quan_ao/anh_mau/tui_deo_hong_thoi_trang_den_3.jpg'),(465,3012,'Nâu','anh_quan_ao/anh_mau/tui_deo_vai_mini_mau_nau.jpg','anh_quan_ao/anh_mau/tui_deo_vai_mini_den_2.jpg','anh_quan_ao/anh_mau/tui_deo_vai_mini_den_3.jpg'),(466,3013,'Đỏ','anh_quan_ao/anh_mau/mu_snapback_the_thao_mau_do.jpg','anh_quan_ao/anh_mau/mu_snapback_the_thao_den_2.jpg','anh_quan_ao/anh_mau/mu_snapback_the_thao_den_3.jpg'),(467,3013,'Tím','anh_quan_ao/anh_mau/mu_snapback_the_thao_mau_tim.jpg','anh_quan_ao/anh_mau/mu_snapback_the_thao_xanhnavy_2.jpg','anh_quan_ao/anh_mau/mu_snapback_the_thao_xanhnavy_3.jpg'),(468,3013,'Xám','anh_quan_ao/anh_mau/mu_snapback_the_thao_mau_xam.jpg','anh_quan_ao/anh_mau/mu_snapback_the_thao_trang_2.jpg','anh_quan_ao/anh_mau/mu_snapback_the_thao_trang_3.jpg'),(469,3014,'Trắng','anh_quan_ao/anh_mau/vo_co_cao_thoi_trang_pack_3_mau_trang.jpg','anh_quan_ao/anh_mau/vo_co_cao_thoi_trang_pack_3_trang_2.jpg','anh_quan_ao/anh_mau/vo_co_cao_thoi_trang_pack_3_trang_3.jpg'),(470,1012,'Trắng','anh_quan_ao/anh_mau/ao_thun_oversize_mau_trang.jpg','anh_quan_ao/anh_mau/ao_thun_oversize_trang_2.jpg','anh_quan_ao/anh_mau/ao_thun_oversize_trang_3.jpg'),(471,1012,'Nâu','anh_quan_ao/anh_mau/ao_thun_oversize_mau_nau.jpg','anh_quan_ao/anh_mau/ao_thun_oversize_den_2.jpg','anh_quan_ao/anh_mau/ao_thun_oversize_den_3.jpg'),(472,1012,'Hồng','anh_quan_ao/anh_mau/ao_thun_oversize_mau_hong.jpg','anh_quan_ao/anh_mau/ao_thun_oversize_hong_2.jpg','anh_quan_ao/anh_mau/ao_thun_oversize_hong_3.jpg'),(473,1015,'Đen','anh_quan_ao/anh_mau/so_mi_linen_tay_lung_mau_den.jpg','anh_quan_ao/anh_mau/so_mi_linen_tay_lung_be_2.jpg','anh_quan_ao/anh_mau/so_mi_linen_tay_lung_be_3.jpg'),(474,1015,'Xanh Nhạt','anh_quan_ao/anh_mau/so_mi_linen_tay_lung_mau_xanh.jpg','anh_quan_ao/anh_mau/so_mi_linen_tay_lung_xanhnhat_2.jpg','anh_quan_ao/anh_mau/so_mi_linen_tay_lung_xanhnhat_3.jpg'),(475,1015,'Vàng','anh_quan_ao/anh_mau/so_mi_linen_tay_lung_mau_vang.jpg','anh_quan_ao/anh_mau/so_mi_linen_tay_lung_be_2.jpg','anh_quan_ao/anh_mau/so_mi_linen_tay_lung_be_3.jpg'),(476,1007,'Xanh','anh_quan_ao/anh_mau/ao_len_co_tim_mau_xanh.jpg','anh_quan_ao/anh_mau/ao_len_co_tim_hong_2.jpg','anh_quan_ao/anh_mau/ao_len_co_tim_hong_3.jpg'),(477,1007,'Đỏ','anh_quan_ao/anh_mau/ao_len_co_tim_mau_do.jpg','anh_quan_ao/anh_mau/ao_len_co_tim_be_2.jpg','anh_quan_ao/anh_mau/ao_len_co_tim_be_3.jpg'),(478,1007,'Xám','anh_quan_ao/anh_mau/ao_len_co_tim_mau_xam.jpg','anh_quan_ao/anh_mau/ao_len_co_tim_xam_2.jpg','anh_quan_ao/anh_mau/ao_len_co_tim_xam_3.jpg'),(479,1001,'Trắng','anh_quan_ao/anh_mau/ao_thun_cotton_basic_mau_trang.jpg','anh_quan_ao/anh_mau/ao_thun_cotton_basic_trang_2.jpg','anh_quan_ao/anh_mau/ao_thun_cotton_basic_trang_3.jpg'),(480,1001,'Đỏ','anh_quan_ao/anh_mau/ao_thun_cotton_basic_mau_do.jpg','anh_quan_ao/anh_mau/ao_thun_cotton_basic_den_2.jpg','anh_quan_ao/anh_mau/ao_thun_cotton_basic_den_3.jpg'),(481,1001,'Xanh','anh_quan_ao/anh_mau/ao_thun_cotton_basic_mau_xanh.jpg','anh_quan_ao/anh_mau/ao_thun_cotton_basic_xam_2.jpg','anh_quan_ao/anh_mau/ao_thun_cotton_basic_xam_3.jpg'),(482,1002,'Hồng','anh_quan_ao/anh_mau/so_mi_linen_co_dien_mau_hong.jpg','anh_quan_ao/anh_mau/so_mi_linen_co_dien_be_2.jpg','anh_quan_ao/anh_mau/so_mi_linen_co_dien_be_3.jpg'),(483,1002,'Xanh Navy','anh_quan_ao/anh_mau/so_mi_linen_co_dien_mau_xanh.jpg','anh_quan_ao/anh_mau/so_mi_linen_co_dien_xanhnavy_2.jpg','anh_quan_ao/anh_mau/so_mi_linen_co_dien_xanhnavy_3.jpg'),(484,1002,'Vàng','anh_quan_ao/anh_mau/so_mi_linen_co_dien_mau_vang.jpg','anh_quan_ao/anh_mau/so_mi_linen_co_dien_be_2.jpg','anh_quan_ao/anh_mau/so_mi_linen_co_dien_be_3.jpg'),(485,1003,'Be','anh_quan_ao/anh_mau/ao_polo_cotton_pique_mau_be.jpg','anh_quan_ao/anh_mau/ao_polo_cotton_pique_den_2.jpg','anh_quan_ao/anh_mau/ao_polo_cotton_pique_den_3.jpg'),(486,1003,'Hồng','anh_quan_ao/anh_mau/ao_polo_cotton_pique_mau_hong.jpg','anh_quan_ao/anh_mau/ao_polo_cotton_pique_trang_2.jpg','anh_quan_ao/anh_mau/ao_polo_cotton_pique_trang_3.jpg'),(487,1003,'Xám','anh_quan_ao/anh_mau/ao_polo_cotton_pique_mau_xam.jpg','anh_quan_ao/anh_mau/ao_polo_cotton_pique_xanhreu_2.jpg','anh_quan_ao/anh_mau/ao_polo_cotton_pique_xanhreu_3.jpg'),(488,1008,'Trắng','anh_quan_ao/anh_mau/ao_thun_polo_ngan_tay_mau_trang.jpg','anh_quan_ao/anh_mau/ao_thun_polo_ngan_tay_trang_2.jpg','anh_quan_ao/anh_mau/ao_thun_polo_ngan_tay_trang_3.jpg'),(489,1008,'Xanh Dương','anh_quan_ao/anh_mau/ao_thun_polo_ngan_tay_mau_xanh.jpg','anh_quan_ao/anh_mau/ao_thun_polo_ngan_tay_xanhduong_2.jpg','anh_quan_ao/anh_mau/ao_thun_polo_ngan_tay_xanhduong_3.jpg'),(490,1008,'Đen','anh_quan_ao/anh_mau/ao_thun_polo_ngan_tay_mau_den.jpg','anh_quan_ao/anh_mau/ao_thun_polo_ngan_tay_den_2.jpg','anh_quan_ao/anh_mau/ao_thun_polo_ngan_tay_den_3.jpg'),(491,1011,'Đen','anh_quan_ao/anh_mau/so_mi_coc_tay_ke_soc_mau_den.jpg','anh_quan_ao/anh_mau/so_mi_coc_tay_ke_soc_trang_2.jpg','anh_quan_ao/anh_mau/so_mi_coc_tay_ke_soc_trang_3.jpg'),(492,1011,'Xanh','anh_quan_ao/anh_mau/so_mi_coc_tay_ke_soc_mau_xanh.jpg','anh_quan_ao/anh_mau/so_mi_coc_tay_ke_soc_xanh_2.jpg','anh_quan_ao/anh_mau/so_mi_coc_tay_ke_soc_xanh_3.jpg'),(493,1011,'Đỏ','anh_quan_ao/anh_mau/so_mi_coc_tay_ke_soc_mau_do.jpg','anh_quan_ao/anh_mau/so_mi_coc_tay_ke_soc_xanh_2.jpg','anh_quan_ao/anh_mau/so_mi_coc_tay_ke_soc_xanh_3.jpg'),(494,1006,'Be','anh_quan_ao/anh_mau/ao_len_mong_co_tron_mau_da.jpg','anh_quan_ao/anh_mau/ao_len_mong_co_tron_be_2.jpg','anh_quan_ao/anh_mau/ao_len_mong_co_tron_be_3.jpg'),(495,1006,'Xanh','anh_quan_ao/anh_mau/ao_len_mong_co_tron_mau_xanh.jpg','anh_quan_ao/anh_mau/ao_len_mong_co_tron_nau_2.jpg','anh_quan_ao/anh_mau/ao_len_mong_co_tron_nau_3.jpg'),(496,1006,'Xanh Lá','anh_quan_ao/anh_mau/ao_len_mong_co_tron_mau_xanh_la.jpg','anh_quan_ao/anh_mau/ao_len_mong_co_tron_xam_2.jpg','anh_quan_ao/anh_mau/ao_len_mong_co_tron_xam_3.jpg'),(497,1009,'Trắng','anh_quan_ao/anh_mau/ao_khoac_cardigan_dai_mau_trang.jpg','anh_quan_ao/anh_mau/ao_khoac_cardigan_dai_xam_2.jpg','anh_quan_ao/anh_mau/ao_khoac_cardigan_dai_xam_3.jpg'),(498,1009,'Đen','anh_quan_ao/anh_mau/ao_khoac_cardigan_dai_mau_den.jpg','anh_quan_ao/anh_mau/ao_khoac_cardigan_dai_den_2.jpg','anh_quan_ao/anh_mau/ao_khoac_cardigan_dai_den_3.jpg'),(499,1009,'Đỏ','anh_quan_ao/anh_mau/ao_khoac_cardigan_dai_mau_do.jpg','anh_quan_ao/anh_mau/ao_khoac_cardigan_dai_be_2.jpg','anh_quan_ao/anh_mau/ao_khoac_cardigan_dai_be_3.jpg'),(503,1017,'Xanh Lá','anh_quan_ao/anh_mau/ao_hoodie_mong_mau_xanh_la.jpg','anh_quan_ao/anh_mau/ao_hoodie_mong_xam_2.jpg','anh_quan_ao/anh_mau/ao_hoodie_mong_xam_3.jpg'),(504,1017,'Đỏ','anh_quan_ao/anh_mau/ao_hoodie_mong_mau_do.jpg','anh_quan_ao/anh_mau/ao_hoodie_mong_den_2.jpg','anh_quan_ao/anh_mau/ao_hoodie_mong_den_3.jpg'),(505,1017,'Trắng','anh_quan_ao/anh_mau/ao_hoodie_mong_mau_trang.jpg','anh_quan_ao/anh_mau/ao_hoodie_mong_be_2.jpg','anh_quan_ao/anh_mau/ao_hoodie_mong_be_3.jpg'),(506,1004,'Hồng','anh_quan_ao/anh_mau/ao_hoodie_ni_phom_rong_mau_hong.jpg','anh_quan_ao/anh_mau/ao_hoodie_ni_phom_rong_xamtro_2.jpg','anh_quan_ao/anh_mau/ao_hoodie_ni_phom_rong_xamtro_3.jpg'),(507,1004,'Trắng','anh_quan_ao/anh_mau/ao_hoodie_ni_phom_rong_mau_trang.jpg','anh_quan_ao/anh_mau/ao_hoodie_ni_phom_rong_kem_2.jpg','anh_quan_ao/anh_mau/ao_hoodie_ni_phom_rong_kem_3.jpg'),(508,1004,'Đen','anh_quan_ao/anh_mau/ao_hoodie_ni_phom_rong_mau_den.jpg','anh_quan_ao/anh_mau/ao_hoodie_ni_phom_rong_den_2.jpg','anh_quan_ao/anh_mau/ao_hoodie_ni_phom_rong_den_3.jpg'),(509,1005,'Xanh Navy','anh_quan_ao/anh_mau/ao_khoac_gio_hai_lop_mau_xanh.jpg','anh_quan_ao/anh_mau/ao_khoac_gio_hai_lop_xanhnavy_2.jpg','anh_quan_ao/anh_mau/ao_khoac_gio_hai_lop_xanhnavy_3.jpg'),(510,1005,'Đen','anh_quan_ao/anh_mau/ao_khoac_gio_hai_lop_mau_den.jpg','anh_quan_ao/anh_mau/ao_khoac_gio_hai_lop_be_2.jpg','anh_quan_ao/anh_mau/ao_khoac_gio_hai_lop_be_3.jpg'),(511,1005,'Rêu','anh_quan_ao/anh_mau/ao_khoac_gio_hai_lop_mau_reu.jpg','anh_quan_ao/anh_mau/ao_khoac_gio_hai_lop_xam_2.jpg','anh_quan_ao/anh_mau/ao_khoac_gio_hai_lop_xam_3.jpg'),(512,1010,'Đen','anh_quan_ao/anh_mau/ao_khoac_phao_long_vu_mau_den.jpg','anh_quan_ao/anh_mau/ao_khoac_phao_long_vu_den_2.jpg','anh_quan_ao/anh_mau/ao_khoac_phao_long_vu_den_3.jpg'),(513,1010,'Trắng','anh_quan_ao/anh_mau/ao_khoac_phao_long_vu_mau_xanh.jpg','anh_quan_ao/anh_mau/ao_khoac_phao_long_vu_xanhnavy_2.jpg','anh_quan_ao/anh_mau/ao_khoac_phao_long_vu_xanhnavy_3.jpg'),(514,1010,'Be','anh_quan_ao/anh_mau/ao_khoac_phao_long_vu_mau_be.jpg','anh_quan_ao/anh_mau/ao_khoac_phao_long_vu_xanhnavy_2.jpg','anh_quan_ao/anh_mau/ao_khoac_phao_long_vu_xanhnavy_3.jpg'),(518,1018,'Đen','anh_quan_ao/anh_mau/ao_len_co_lo_mau_den.jpg','anh_quan_ao/anh_mau/ao_len_co_lo_den_2.jpg','anh_quan_ao/anh_mau/ao_len_co_lo_den_3.jpg'),(519,1018,'Xám','anh_quan_ao/anh_mau/ao_len_co_lo_mau_xam.jpg','anh_quan_ao/anh_mau/ao_len_co_lo_xam_2.jpg','anh_quan_ao/anh_mau/ao_len_co_lo_xam_3.jpg'),(520,1018,'Xanh','anh_quan_ao/anh_mau/ao_len_co_lo_mau_xanh.jpg','anh_quan_ao/anh_mau/ao_len_co_lo_nau_2.jpg','anh_quan_ao/anh_mau/ao_len_co_lo_nau_3.jpg'),(521,2001,'Xanh Đậm','anh_quan_ao/anh_mau/quan_jeans_slim_fit_mau_xanh.jpg','anh_quan_ao/anh_mau/quan_jeans_slim_fit_xanhdam_2.jpg','anh_quan_ao/anh_mau/quan_jeans_slim_fit_xanhdam_3.jpg'),(522,2006,'Đen','anh_quan_ao/anh_mau/quan_kaki_dai_mong_mau_den.jpg','anh_quan_ao/anh_mau/quan_kaki_dai_mong_be_2.jpg','anh_quan_ao/anh_mau/quan_kaki_dai_mong_be_3.jpg'),(523,2006,'Xám','anh_quan_ao/anh_mau/quan_kaki_dai_mong_mau_xam.jpg','anh_quan_ao/anh_mau/quan_kaki_dai_mong_xam_2.jpg','anh_quan_ao/anh_mau/quan_kaki_dai_mong_xam_3.jpg'),(524,2004,'Đen','anh_quan_ao/anh_mau/quan_short_kaki_phang_mau_den.jpg','anh_quan_ao/anh_mau/quan_short_kaki_phang_trangnga_2.jpg','anh_quan_ao/anh_mau/quan_short_kaki_phang_trangnga_3.jpg'),(525,2004,'Xanh','anh_quan_ao/anh_mau/quan_short_kaki_phang_mau_xanh.jpg','anh_quan_ao/anh_mau/quan_short_kaki_phang_xanhmint_2.jpg','anh_quan_ao/anh_mau/quan_short_kaki_phang_xanhmint_3.jpg'),(526,2007,'Nâu','anh_quan_ao/anh_mau/quan_short_thun_nang_dong_mau_nau.jpg','anh_quan_ao/anh_mau/quan_short_thun_nang_dong_xam_2.jpg','anh_quan_ao/anh_mau/quan_short_thun_nang_dong_xam_3.jpg'),(527,2007,'Đen','anh_quan_ao/anh_mau/quan_short_thun_nang_dong_mau_den.jpg','anh_quan_ao/anh_mau/quan_short_thun_nang_dong_den_2.jpg','anh_quan_ao/anh_mau/quan_short_thun_nang_dong_den_3.jpg'),(528,2008,'Xanh','anh_quan_ao/anh_mau/chan_vay_suong_dai_mau_xanh.jpg','anh_quan_ao/anh_mau/chan_vay_suong_dai_xanh_2.jpg','anh_quan_ao/anh_mau/chan_vay_suong_dai_xanh_3.jpg'),(529,2008,'Trắng','anh_quan_ao/anh_mau/chan_vay_suong_dai_mau_trang.jpg','anh_quan_ao/anh_mau/chan_vay_suong_dai_be_2.jpg','anh_quan_ao/anh_mau/chan_vay_suong_dai_be_3.jpg'),(530,2002,'Đen','anh_quan_ao/anh_mau/chan_vay_chu_a_co_ban_mau_den.jpg','anh_quan_ao/anh_mau/chan_vay_chu_a_co_ban_den_2.jpg','anh_quan_ao/anh_mau/chan_vay_chu_a_co_ban_den_3.jpg'),(531,2002,'Tím','anh_quan_ao/anh_mau/chan_vay_chu_a_co_ban_mau_tim.jpg','anh_quan_ao/anh_mau/chan_vay_chu_a_co_ban_be_2.jpg','anh_quan_ao/anh_mau/chan_vay_chu_a_co_ban_be_3.jpg'),(532,2005,'Xanh Denim','anh_quan_ao/anh_mau/quan_jeans_ong_suong_mau_xanh_dam.jpg','anh_quan_ao/anh_mau/quan_jeans_ong_suong_xanhdenim_2.jpg','anh_quan_ao/anh_mau/quan_jeans_ong_suong_xanhdenim_3.jpg'),(533,2003,'Xám Melange','anh_quan_ao/anh_mau/quan_jogger_thun_basic_mau_xam.jpg','anh_quan_ao/anh_mau/quan_jogger_thun_basic_xammelange_2.jpg','anh_quan_ao/anh_mau/quan_jogger_thun_basic_xammelange_3.jpg'),(534,2009,'Đỏ','anh_quan_ao/anh_mau/quan_jogger_ni_am_mau_do.jpg','anh_quan_ao/anh_mau/quan_jogger_ni_am_xam_2.jpg','anh_quan_ao/anh_mau/quan_jogger_ni_am_xam_3.jpg'),(535,2009,'Đen','anh_quan_ao/anh_mau/quan_jogger_ni_am_mau_den.jpg','anh_quan_ao/anh_mau/quan_jogger_ni_am_den_2.jpg','anh_quan_ao/anh_mau/quan_jogger_ni_am_den_3.jpg'),(536,2009,'Xanh Navy','anh_quan_ao/anh_mau/quan_jogger_ni_am_mau_xanh.jpg','anh_quan_ao/anh_mau/quan_jogger_ni_am_xanhnavy_2.jpg','anh_quan_ao/anh_mau/quan_jogger_ni_am_xanhnavy_3.jpg'),(537,2011,'Đỏ','anh_quan_ao/anh_mau/quan_legging_ni_mau_do.jpg','anh_quan_ao/anh_mau/quan_legging_ni_den_2.jpg','anh_quan_ao/anh_mau/quan_legging_ni_den_3.jpg'),(538,2011,'Nâu','anh_quan_ao/anh_mau/quan_legging_ni_mau_nau.jpg','anh_quan_ao/anh_mau/quan_legging_ni_xam_2.jpg','anh_quan_ao/anh_mau/quan_legging_ni_xam_3.jpg'),(539,2013,'Nâu','anh_quan_ao/anh_mau/chan_vay_dai_len_mau_nau.jpg','anh_quan_ao/anh_mau/chan_vay_dai_len_nau_2.jpg','anh_quan_ao/anh_mau/chan_vay_dai_len_nau_3.jpg'),(540,2013,'Vàng','anh_quan_ao/anh_mau/chan_vay_dai_len_mau_vang.jpg','anh_quan_ao/anh_mau/chan_vay_dai_len_xam_2.jpg','anh_quan_ao/anh_mau/chan_vay_dai_len_xam_3.jpg'),(541,2010,'Xanh Denim','anh_quan_ao/anh_mau/quan_jeans_ong_con_mau_xanh_nhat.jpg','anh_quan_ao/anh_mau/quan_jeans_ong_con_xanhdenim_2.jpg','anh_quan_ao/anh_mau/quan_jeans_ong_con_xanhdenim_3.jpg'),(542,2012,'Xanh','anh_quan_ao/anh_mau/quan_da_ong_rong_mau_xanh.jpg','anh_quan_ao/anh_mau/quan_da_ong_rong_nau_2.jpg','anh_quan_ao/anh_mau/quan_da_ong_rong_nau_3.jpg'),(543,3001,'Hồng','anh_quan_ao/anh_mau/vi_da_gap_doi_toi_gian_mau_hong.jpg','anh_quan_ao/anh_mau/vi_da_gap_doi_toi_gian_naudam_2.jpg','anh_quan_ao/anh_mau/vi_da_gap_doi_toi_gian_naudam_3.jpg'),(544,3001,'Xanh','anh_quan_ao/anh_mau/vi_da_gap_doi_toi_gian_mau_xanh.jpg','anh_quan_ao/anh_mau/vi_da_gap_doi_toi_gian_den_2.jpg','anh_quan_ao/anh_mau/vi_da_gap_doi_toi_gian_den_3.jpg'),(545,3006,'Nâu','anh_quan_ao/anh_mau/tui_deo_cheo_mini_mau_nau.jpg','anh_quan_ao/anh_mau/tui_deo_cheo_mini_nau_2.jpg','anh_quan_ao/anh_mau/tui_deo_cheo_mini_nau_3.jpg'),(546,3002,'Nâu','anh_quan_ao/anh_mau/that_lung_da_mau_nau.jpg','anh_quan_ao/anh_mau/that_lung_da_khoa_co_dien_nau_2.jpg','anh_quan_ao/anh_mau/that_lung_da_khoa_co_dien_nau_3.jpg'),(547,3003,'Vàng','anh_quan_ao/anh_mau/tui_tote_vai_canvas_mau_vang.jpg','anh_quan_ao/anh_mau/tui_tote_vai_canvas_lon_den_2.jpg','anh_quan_ao/anh_mau/tui_tote_vai_canvas_lon_den_3.jpg'),(548,3004,'Đỏ','anh_quan_ao/anh_mau/mu_luoi_trai_mau_do.jpg','anh_quan_ao/anh_mau/mu_luoi_trai_cotton_tron_den_2.jpg','anh_quan_ao/anh_mau/mu_luoi_trai_cotton_tron_den_3.jpg'),(549,3004,'Trắng','anh_quan_ao/anh_mau/mu_luoi_trai_mau_trang.jpg','anh_quan_ao/anh_mau/mu_luoi_trai_cotton_tron_trang_2.jpg','anh_quan_ao/anh_mau/mu_luoi_trai_cotton_tron_trang_3.jpg'),(550,3004,'Xám','anh_quan_ao/anh_mau/mu_luoi_trai_mau_xam.jpg','anh_quan_ao/anh_mau/mu_luoi_trai_cotton_tron_nau_2.jpg','anh_quan_ao/anh_mau/mu_luoi_trai_cotton_tron_nau_3.jpg'),(551,3007,'Đen','anh_quan_ao/anh_mau/tui_deo_vai_da_mau_den.jpg','anh_quan_ao/anh_mau/tui_deo_vai_da_tong_hop_den_2.jpg','anh_quan_ao/anh_mau/tui_deo_vai_da_tong_hop_den_3.jpg'),(552,3008,'Đen','anh_quan_ao/anh_mau/mu_beanie_len_mau_den.jpg','anh_quan_ao/anh_mau/mu_beanie_len_den_2.jpg','anh_quan_ao/anh_mau/mu_beanie_len_den_3.jpg'),(553,3008,'Đỏ','anh_quan_ao/anh_mau/mu_beanie_len_mau_do.jpg','anh_quan_ao/anh_mau/mu_beanie_len_xam_2.jpg','anh_quan_ao/anh_mau/mu_beanie_len_xam_3.jpg'),(554,3008,'Vàng','anh_quan_ao/anh_mau/mu_beanie_len_mau_vang.jpg','anh_quan_ao/anh_mau/mu_beanie_len_nau_2.jpg','anh_quan_ao/anh_mau/mu_beanie_len_nau_3.jpg'),(555,3009,'Đen','anh_quan_ao/anh_mau/that_lung_da_khoa_kim_loai_mau_den.jpg','anh_quan_ao/anh_mau/that_lung_da_khoa_kim_loai_den_2.jpg','anh_quan_ao/anh_mau/that_lung_da_khoa_kim_loai_den_3.jpg'),(556,3010,'Xám','anh_quan_ao/anh_mau/vo_ngan_cotton_basic_pack_5_mau_xam.jpg','anh_quan_ao/anh_mau/vo_ngan_cotton_basic_pack_5_xam_2.jpg','anh_quan_ao/anh_mau/vo_ngan_cotton_basic_pack_5_xam_3.jpg'),(557,3011,'Xanh','anh_quan_ao/anh_mau/tui_deo_hong_thoi_trang_mau_xanh.jpg','anh_quan_ao/anh_mau/tui_deo_hong_thoi_trang_den_2.jpg','anh_quan_ao/anh_mau/tui_deo_hong_thoi_trang_den_3.jpg'),(558,3012,'Nâu','anh_quan_ao/anh_mau/tui_deo_vai_mini_mau_nau.jpg','anh_quan_ao/anh_mau/tui_deo_vai_mini_den_2.jpg','anh_quan_ao/anh_mau/tui_deo_vai_mini_den_3.jpg'),(559,3013,'Đỏ','anh_quan_ao/anh_mau/mu_snapback_the_thao_mau_do.jpg','anh_quan_ao/anh_mau/mu_snapback_the_thao_den_2.jpg','anh_quan_ao/anh_mau/mu_snapback_the_thao_den_3.jpg'),(560,3013,'Tím','anh_quan_ao/anh_mau/mu_snapback_the_thao_mau_tim.jpg','anh_quan_ao/anh_mau/mu_snapback_the_thao_xanhnavy_2.jpg','anh_quan_ao/anh_mau/mu_snapback_the_thao_xanhnavy_3.jpg'),(561,3013,'Xám','anh_quan_ao/anh_mau/mu_snapback_the_thao_mau_xam.jpg','anh_quan_ao/anh_mau/mu_snapback_the_thao_trang_2.jpg','anh_quan_ao/anh_mau/mu_snapback_the_thao_trang_3.jpg'),(562,3014,'Trắng','anh_quan_ao/anh_mau/vo_co_cao_thoi_trang_pack_3_mau_trang.jpg','anh_quan_ao/anh_mau/vo_co_cao_thoi_trang_pack_3_trang_2.jpg','anh_quan_ao/anh_mau/vo_co_cao_thoi_trang_pack_3_trang_3.jpg'),(563,1012,'Trắng','anh_quan_ao/anh_mau/ao_thun_oversize_mau_trang.jpg','anh_quan_ao/anh_mau/ao_thun_oversize_trang_2.jpg','anh_quan_ao/anh_mau/ao_thun_oversize_trang_3.jpg'),(564,1012,'Nâu','anh_quan_ao/anh_mau/ao_thun_oversize_mau_nau.jpg','anh_quan_ao/anh_mau/ao_thun_oversize_den_2.jpg','anh_quan_ao/anh_mau/ao_thun_oversize_den_3.jpg'),(565,1012,'Hồng','anh_quan_ao/anh_mau/ao_thun_oversize_mau_hong.jpg','anh_quan_ao/anh_mau/ao_thun_oversize_hong_2.jpg','anh_quan_ao/anh_mau/ao_thun_oversize_hong_3.jpg'),(566,1015,'Đen','anh_quan_ao/anh_mau/so_mi_linen_tay_lung_mau_den.jpg','anh_quan_ao/anh_mau/so_mi_linen_tay_lung_be_2.jpg','anh_quan_ao/anh_mau/so_mi_linen_tay_lung_be_3.jpg'),(567,1015,'Xanh Nhạt','anh_quan_ao/anh_mau/so_mi_linen_tay_lung_mau_xanh.jpg','anh_quan_ao/anh_mau/so_mi_linen_tay_lung_xanhnhat_2.jpg','anh_quan_ao/anh_mau/so_mi_linen_tay_lung_xanhnhat_3.jpg'),(568,1015,'Vàng','anh_quan_ao/anh_mau/so_mi_linen_tay_lung_mau_vang.jpg','anh_quan_ao/anh_mau/so_mi_linen_tay_lung_be_2.jpg','anh_quan_ao/anh_mau/so_mi_linen_tay_lung_be_3.jpg'),(569,1007,'Xanh','anh_quan_ao/anh_mau/ao_len_co_tim_mau_xanh.jpg','anh_quan_ao/anh_mau/ao_len_co_tim_hong_2.jpg','anh_quan_ao/anh_mau/ao_len_co_tim_hong_3.jpg'),(570,1007,'Đỏ','anh_quan_ao/anh_mau/ao_len_co_tim_mau_do.jpg','anh_quan_ao/anh_mau/ao_len_co_tim_be_2.jpg','anh_quan_ao/anh_mau/ao_len_co_tim_be_3.jpg'),(571,1007,'Xám','anh_quan_ao/anh_mau/ao_len_co_tim_mau_xam.jpg','anh_quan_ao/anh_mau/ao_len_co_tim_xam_2.jpg','anh_quan_ao/anh_mau/ao_len_co_tim_xam_3.jpg'),(572,1001,'Trắng','anh_quan_ao/anh_mau/ao_thun_cotton_basic_mau_trang.jpg','anh_quan_ao/anh_mau/ao_thun_cotton_basic_trang_2.jpg','anh_quan_ao/anh_mau/ao_thun_cotton_basic_trang_3.jpg'),(573,1001,'Đỏ','anh_quan_ao/anh_mau/ao_thun_cotton_basic_mau_do.jpg','anh_quan_ao/anh_mau/ao_thun_cotton_basic_den_2.jpg','anh_quan_ao/anh_mau/ao_thun_cotton_basic_den_3.jpg'),(574,1001,'Xanh','anh_quan_ao/anh_mau/ao_thun_cotton_basic_mau_xanh.jpg','anh_quan_ao/anh_mau/ao_thun_cotton_basic_xam_2.jpg','anh_quan_ao/anh_mau/ao_thun_cotton_basic_xam_3.jpg'),(575,1002,'Hồng','anh_quan_ao/anh_mau/so_mi_linen_co_dien_mau_hong.jpg','anh_quan_ao/anh_mau/so_mi_linen_co_dien_be_2.jpg','anh_quan_ao/anh_mau/so_mi_linen_co_dien_be_3.jpg'),(576,1002,'Xanh Navy','anh_quan_ao/anh_mau/so_mi_linen_co_dien_mau_xanh.jpg','anh_quan_ao/anh_mau/so_mi_linen_co_dien_xanhnavy_2.jpg','anh_quan_ao/anh_mau/so_mi_linen_co_dien_xanhnavy_3.jpg'),(577,1002,'Vàng','anh_quan_ao/anh_mau/so_mi_linen_co_dien_mau_vang.jpg','anh_quan_ao/anh_mau/so_mi_linen_co_dien_be_2.jpg','anh_quan_ao/anh_mau/so_mi_linen_co_dien_be_3.jpg'),(578,1003,'Be','anh_quan_ao/anh_mau/ao_polo_cotton_pique_mau_be.jpg','anh_quan_ao/anh_mau/ao_polo_cotton_pique_den_2.jpg','anh_quan_ao/anh_mau/ao_polo_cotton_pique_den_3.jpg'),(579,1003,'Hồng','anh_quan_ao/anh_mau/ao_polo_cotton_pique_mau_hong.jpg','anh_quan_ao/anh_mau/ao_polo_cotton_pique_trang_2.jpg','anh_quan_ao/anh_mau/ao_polo_cotton_pique_trang_3.jpg'),(580,1003,'Xám','anh_quan_ao/anh_mau/ao_polo_cotton_pique_mau_xam.jpg','anh_quan_ao/anh_mau/ao_polo_cotton_pique_xanhreu_2.jpg','anh_quan_ao/anh_mau/ao_polo_cotton_pique_xanhreu_3.jpg'),(581,1008,'Trắng','anh_quan_ao/anh_mau/ao_thun_polo_ngan_tay_mau_trang.jpg','anh_quan_ao/anh_mau/ao_thun_polo_ngan_tay_trang_2.jpg','anh_quan_ao/anh_mau/ao_thun_polo_ngan_tay_trang_3.jpg'),(582,1008,'Xanh Dương','anh_quan_ao/anh_mau/ao_thun_polo_ngan_tay_mau_xanh.jpg','anh_quan_ao/anh_mau/ao_thun_polo_ngan_tay_xanhduong_2.jpg','anh_quan_ao/anh_mau/ao_thun_polo_ngan_tay_xanhduong_3.jpg'),(583,1008,'Đen','anh_quan_ao/anh_mau/ao_thun_polo_ngan_tay_mau_den.jpg','anh_quan_ao/anh_mau/ao_thun_polo_ngan_tay_den_2.jpg','anh_quan_ao/anh_mau/ao_thun_polo_ngan_tay_den_3.jpg'),(584,1011,'Đen','anh_quan_ao/anh_mau/so_mi_coc_tay_ke_soc_mau_den.jpg','anh_quan_ao/anh_mau/so_mi_coc_tay_ke_soc_trang_2.jpg','anh_quan_ao/anh_mau/so_mi_coc_tay_ke_soc_trang_3.jpg'),(585,1011,'Xanh','anh_quan_ao/anh_mau/so_mi_coc_tay_ke_soc_mau_xanh.jpg','anh_quan_ao/anh_mau/so_mi_coc_tay_ke_soc_xanh_2.jpg','anh_quan_ao/anh_mau/so_mi_coc_tay_ke_soc_xanh_3.jpg'),(586,1011,'Đỏ','anh_quan_ao/anh_mau/so_mi_coc_tay_ke_soc_mau_do.jpg','anh_quan_ao/anh_mau/so_mi_coc_tay_ke_soc_xanh_2.jpg','anh_quan_ao/anh_mau/so_mi_coc_tay_ke_soc_xanh_3.jpg'),(587,1006,'Be','anh_quan_ao/anh_mau/ao_len_mong_co_tron_mau_da.jpg','anh_quan_ao/anh_mau/ao_len_mong_co_tron_be_2.jpg','anh_quan_ao/anh_mau/ao_len_mong_co_tron_be_3.jpg'),(588,1006,'Xanh','anh_quan_ao/anh_mau/ao_len_mong_co_tron_mau_xanh.jpg','anh_quan_ao/anh_mau/ao_len_mong_co_tron_nau_2.jpg','anh_quan_ao/anh_mau/ao_len_mong_co_tron_nau_3.jpg'),(589,1006,'Xanh Lá','anh_quan_ao/anh_mau/ao_len_mong_co_tron_mau_xanh_la.jpg','anh_quan_ao/anh_mau/ao_len_mong_co_tron_xam_2.jpg','anh_quan_ao/anh_mau/ao_len_mong_co_tron_xam_3.jpg'),(590,1009,'Trắng','anh_quan_ao/anh_mau/ao_khoac_cardigan_dai_mau_trang.jpg','anh_quan_ao/anh_mau/ao_khoac_cardigan_dai_xam_2.jpg','anh_quan_ao/anh_mau/ao_khoac_cardigan_dai_xam_3.jpg'),(591,1009,'Đen','anh_quan_ao/anh_mau/ao_khoac_cardigan_dai_mau_den.jpg','anh_quan_ao/anh_mau/ao_khoac_cardigan_dai_den_2.jpg','anh_quan_ao/anh_mau/ao_khoac_cardigan_dai_den_3.jpg'),(592,1009,'Đỏ','anh_quan_ao/anh_mau/ao_khoac_cardigan_dai_mau_do.jpg','anh_quan_ao/anh_mau/ao_khoac_cardigan_dai_be_2.jpg','anh_quan_ao/anh_mau/ao_khoac_cardigan_dai_be_3.jpg'),(596,1017,'Xanh Lá','anh_quan_ao/anh_mau/ao_hoodie_mong_mau_xanh_la.jpg','anh_quan_ao/anh_mau/ao_hoodie_mong_xam_2.jpg','anh_quan_ao/anh_mau/ao_hoodie_mong_xam_3.jpg'),(597,1017,'Đỏ','anh_quan_ao/anh_mau/ao_hoodie_mong_mau_do.jpg','anh_quan_ao/anh_mau/ao_hoodie_mong_den_2.jpg','anh_quan_ao/anh_mau/ao_hoodie_mong_den_3.jpg'),(598,1017,'Trắng','anh_quan_ao/anh_mau/ao_hoodie_mong_mau_trang.jpg','anh_quan_ao/anh_mau/ao_hoodie_mong_be_2.jpg','anh_quan_ao/anh_mau/ao_hoodie_mong_be_3.jpg'),(599,1004,'Hồng','anh_quan_ao/anh_mau/ao_hoodie_ni_phom_rong_mau_hong.jpg','anh_quan_ao/anh_mau/ao_hoodie_ni_phom_rong_xamtro_2.jpg','anh_quan_ao/anh_mau/ao_hoodie_ni_phom_rong_xamtro_3.jpg'),(600,1004,'Trắng','anh_quan_ao/anh_mau/ao_hoodie_ni_phom_rong_mau_trang.jpg','anh_quan_ao/anh_mau/ao_hoodie_ni_phom_rong_kem_2.jpg','anh_quan_ao/anh_mau/ao_hoodie_ni_phom_rong_kem_3.jpg'),(601,1004,'Đen','anh_quan_ao/anh_mau/ao_hoodie_ni_phom_rong_mau_den.jpg','anh_quan_ao/anh_mau/ao_hoodie_ni_phom_rong_den_2.jpg','anh_quan_ao/anh_mau/ao_hoodie_ni_phom_rong_den_3.jpg'),(602,1005,'Xanh Navy','anh_quan_ao/anh_mau/ao_khoac_gio_hai_lop_mau_xanh.jpg','anh_quan_ao/anh_mau/ao_khoac_gio_hai_lop_xanhnavy_2.jpg','anh_quan_ao/anh_mau/ao_khoac_gio_hai_lop_xanhnavy_3.jpg'),(603,1005,'Đen','anh_quan_ao/anh_mau/ao_khoac_gio_hai_lop_mau_den.jpg','anh_quan_ao/anh_mau/ao_khoac_gio_hai_lop_be_2.jpg','anh_quan_ao/anh_mau/ao_khoac_gio_hai_lop_be_3.jpg'),(604,1005,'Rêu','anh_quan_ao/anh_mau/ao_khoac_gio_hai_lop_mau_reu.jpg','anh_quan_ao/anh_mau/ao_khoac_gio_hai_lop_xam_2.jpg','anh_quan_ao/anh_mau/ao_khoac_gio_hai_lop_xam_3.jpg'),(605,1010,'Đen','anh_quan_ao/anh_mau/ao_khoac_phao_long_vu_mau_den.jpg','anh_quan_ao/anh_mau/ao_khoac_phao_long_vu_den_2.jpg','anh_quan_ao/anh_mau/ao_khoac_phao_long_vu_den_3.jpg'),(606,1010,'Trắng','anh_quan_ao/anh_mau/ao_khoac_phao_long_vu_mau_xanh.jpg','anh_quan_ao/anh_mau/ao_khoac_phao_long_vu_xanhnavy_2.jpg','anh_quan_ao/anh_mau/ao_khoac_phao_long_vu_xanhnavy_3.jpg'),(607,1010,'Be','anh_quan_ao/anh_mau/ao_khoac_phao_long_vu_mau_be.jpg','anh_quan_ao/anh_mau/ao_khoac_phao_long_vu_xanhnavy_2.jpg','anh_quan_ao/anh_mau/ao_khoac_phao_long_vu_xanhnavy_3.jpg'),(611,1018,'Đen','anh_quan_ao/anh_mau/ao_len_co_lo_mau_den.jpg','anh_quan_ao/anh_mau/ao_len_co_lo_den_2.jpg','anh_quan_ao/anh_mau/ao_len_co_lo_den_3.jpg'),(612,1018,'Xám','anh_quan_ao/anh_mau/ao_len_co_lo_mau_xam.jpg','anh_quan_ao/anh_mau/ao_len_co_lo_xam_2.jpg','anh_quan_ao/anh_mau/ao_len_co_lo_xam_3.jpg'),(613,1018,'Xanh','anh_quan_ao/anh_mau/ao_len_co_lo_mau_xanh.jpg','anh_quan_ao/anh_mau/ao_len_co_lo_nau_2.jpg','anh_quan_ao/anh_mau/ao_len_co_lo_nau_3.jpg'),(614,2001,'Xanh Đậm','anh_quan_ao/anh_mau/quan_jeans_slim_fit_mau_xanh.jpg','anh_quan_ao/anh_mau/quan_jeans_slim_fit_xanhdam_2.jpg','anh_quan_ao/anh_mau/quan_jeans_slim_fit_xanhdam_3.jpg'),(615,2006,'Đen','anh_quan_ao/anh_mau/quan_kaki_dai_mong_mau_den.jpg','anh_quan_ao/anh_mau/quan_kaki_dai_mong_be_2.jpg','anh_quan_ao/anh_mau/quan_kaki_dai_mong_be_3.jpg'),(616,2006,'Xám','anh_quan_ao/anh_mau/quan_kaki_dai_mong_mau_xam.jpg','anh_quan_ao/anh_mau/quan_kaki_dai_mong_xam_2.jpg','anh_quan_ao/anh_mau/quan_kaki_dai_mong_xam_3.jpg'),(617,2004,'Đen','anh_quan_ao/anh_mau/quan_short_kaki_phang_mau_den.jpg','anh_quan_ao/anh_mau/quan_short_kaki_phang_trangnga_2.jpg','anh_quan_ao/anh_mau/quan_short_kaki_phang_trangnga_3.jpg'),(618,2004,'Xanh','anh_quan_ao/anh_mau/quan_short_kaki_phang_mau_xanh.jpg','anh_quan_ao/anh_mau/quan_short_kaki_phang_xanhmint_2.jpg','anh_quan_ao/anh_mau/quan_short_kaki_phang_xanhmint_3.jpg'),(619,2007,'Nâu','anh_quan_ao/anh_mau/quan_short_thun_nang_dong_mau_nau.jpg','anh_quan_ao/anh_mau/quan_short_thun_nang_dong_xam_2.jpg','anh_quan_ao/anh_mau/quan_short_thun_nang_dong_xam_3.jpg'),(620,2007,'Đen','anh_quan_ao/anh_mau/quan_short_thun_nang_dong_mau_den.jpg','anh_quan_ao/anh_mau/quan_short_thun_nang_dong_den_2.jpg','anh_quan_ao/anh_mau/quan_short_thun_nang_dong_den_3.jpg'),(621,2008,'Xanh','anh_quan_ao/anh_mau/chan_vay_suong_dai_mau_xanh.jpg','anh_quan_ao/anh_mau/chan_vay_suong_dai_xanh_2.jpg','anh_quan_ao/anh_mau/chan_vay_suong_dai_xanh_3.jpg'),(622,2008,'Trắng','anh_quan_ao/anh_mau/chan_vay_suong_dai_mau_trang.jpg','anh_quan_ao/anh_mau/chan_vay_suong_dai_be_2.jpg','anh_quan_ao/anh_mau/chan_vay_suong_dai_be_3.jpg'),(623,2002,'Đen','anh_quan_ao/anh_mau/chan_vay_chu_a_co_ban_mau_den.jpg','anh_quan_ao/anh_mau/chan_vay_chu_a_co_ban_den_2.jpg','anh_quan_ao/anh_mau/chan_vay_chu_a_co_ban_den_3.jpg'),(624,2002,'Tím','anh_quan_ao/anh_mau/chan_vay_chu_a_co_ban_mau_tim.jpg','anh_quan_ao/anh_mau/chan_vay_chu_a_co_ban_be_2.jpg','anh_quan_ao/anh_mau/chan_vay_chu_a_co_ban_be_3.jpg'),(625,2005,'Xanh Denim','anh_quan_ao/anh_mau/quan_jeans_ong_suong_mau_xanh_dam.jpg','anh_quan_ao/anh_mau/quan_jeans_ong_suong_xanhdenim_2.jpg','anh_quan_ao/anh_mau/quan_jeans_ong_suong_xanhdenim_3.jpg'),(626,2003,'Xám Melange','anh_quan_ao/anh_mau/quan_jogger_thun_basic_mau_xam.jpg','anh_quan_ao/anh_mau/quan_jogger_thun_basic_xammelange_2.jpg','anh_quan_ao/anh_mau/quan_jogger_thun_basic_xammelange_3.jpg'),(627,2009,'Đỏ','anh_quan_ao/anh_mau/quan_jogger_ni_am_mau_do.jpg','anh_quan_ao/anh_mau/quan_jogger_ni_am_xam_2.jpg','anh_quan_ao/anh_mau/quan_jogger_ni_am_xam_3.jpg'),(628,2009,'Đen','anh_quan_ao/anh_mau/quan_jogger_ni_am_mau_den.jpg','anh_quan_ao/anh_mau/quan_jogger_ni_am_den_2.jpg','anh_quan_ao/anh_mau/quan_jogger_ni_am_den_3.jpg'),(629,2009,'Xanh Navy','anh_quan_ao/anh_mau/quan_jogger_ni_am_mau_xanh.jpg','anh_quan_ao/anh_mau/quan_jogger_ni_am_xanhnavy_2.jpg','anh_quan_ao/anh_mau/quan_jogger_ni_am_xanhnavy_3.jpg'),(630,2011,'Đỏ','anh_quan_ao/anh_mau/quan_legging_ni_mau_do.jpg','anh_quan_ao/anh_mau/quan_legging_ni_den_2.jpg','anh_quan_ao/anh_mau/quan_legging_ni_den_3.jpg'),(631,2011,'Nâu','anh_quan_ao/anh_mau/quan_legging_ni_mau_nau.jpg','anh_quan_ao/anh_mau/quan_legging_ni_xam_2.jpg','anh_quan_ao/anh_mau/quan_legging_ni_xam_3.jpg'),(632,2013,'Nâu','anh_quan_ao/anh_mau/chan_vay_dai_len_mau_nau.jpg','anh_quan_ao/anh_mau/chan_vay_dai_len_nau_2.jpg','anh_quan_ao/anh_mau/chan_vay_dai_len_nau_3.jpg'),(633,2013,'Vàng','anh_quan_ao/anh_mau/chan_vay_dai_len_mau_vang.jpg','anh_quan_ao/anh_mau/chan_vay_dai_len_xam_2.jpg','anh_quan_ao/anh_mau/chan_vay_dai_len_xam_3.jpg'),(634,2010,'Xanh Denim','anh_quan_ao/anh_mau/quan_jeans_ong_con_mau_xanh_nhat.jpg','anh_quan_ao/anh_mau/quan_jeans_ong_con_xanhdenim_2.jpg','anh_quan_ao/anh_mau/quan_jeans_ong_con_xanhdenim_3.jpg'),(635,2012,'Xanh','anh_quan_ao/anh_mau/quan_da_ong_rong_mau_xanh.jpg','anh_quan_ao/anh_mau/quan_da_ong_rong_nau_2.jpg','anh_quan_ao/anh_mau/quan_da_ong_rong_nau_3.jpg'),(636,3001,'Hồng','anh_quan_ao/anh_mau/vi_da_gap_doi_toi_gian_mau_hong.jpg','anh_quan_ao/anh_mau/vi_da_gap_doi_toi_gian_naudam_2.jpg','anh_quan_ao/anh_mau/vi_da_gap_doi_toi_gian_naudam_3.jpg'),(637,3001,'Xanh','anh_quan_ao/anh_mau/vi_da_gap_doi_toi_gian_mau_xanh.jpg','anh_quan_ao/anh_mau/vi_da_gap_doi_toi_gian_den_2.jpg','anh_quan_ao/anh_mau/vi_da_gap_doi_toi_gian_den_3.jpg'),(638,3006,'Nâu','anh_quan_ao/anh_mau/tui_deo_cheo_mini_mau_nau.jpg','anh_quan_ao/anh_mau/tui_deo_cheo_mini_nau_2.jpg','anh_quan_ao/anh_mau/tui_deo_cheo_mini_nau_3.jpg'),(639,3002,'Nâu','anh_quan_ao/anh_mau/that_lung_da_mau_nau.jpg','anh_quan_ao/anh_mau/that_lung_da_khoa_co_dien_nau_2.jpg','anh_quan_ao/anh_mau/that_lung_da_khoa_co_dien_nau_3.jpg'),(640,3003,'Vàng','anh_quan_ao/anh_mau/tui_tote_vai_canvas_mau_vang.jpg','anh_quan_ao/anh_mau/tui_tote_vai_canvas_lon_den_2.jpg','anh_quan_ao/anh_mau/tui_tote_vai_canvas_lon_den_3.jpg'),(641,3004,'Đỏ','anh_quan_ao/anh_mau/mu_luoi_trai_mau_do.jpg','anh_quan_ao/anh_mau/mu_luoi_trai_cotton_tron_den_2.jpg','anh_quan_ao/anh_mau/mu_luoi_trai_cotton_tron_den_3.jpg'),(642,3004,'Trắng','anh_quan_ao/anh_mau/mu_luoi_trai_mau_trang.jpg','anh_quan_ao/anh_mau/mu_luoi_trai_cotton_tron_trang_2.jpg','anh_quan_ao/anh_mau/mu_luoi_trai_cotton_tron_trang_3.jpg'),(643,3004,'Xám','anh_quan_ao/anh_mau/mu_luoi_trai_mau_xam.jpg','anh_quan_ao/anh_mau/mu_luoi_trai_cotton_tron_nau_2.jpg','anh_quan_ao/anh_mau/mu_luoi_trai_cotton_tron_nau_3.jpg'),(644,3007,'Đen','anh_quan_ao/anh_mau/tui_deo_vai_da_mau_den.jpg','anh_quan_ao/anh_mau/tui_deo_vai_da_tong_hop_den_2.jpg','anh_quan_ao/anh_mau/tui_deo_vai_da_tong_hop_den_3.jpg'),(645,3008,'Đen','anh_quan_ao/anh_mau/mu_beanie_len_mau_den.jpg','anh_quan_ao/anh_mau/mu_beanie_len_den_2.jpg','anh_quan_ao/anh_mau/mu_beanie_len_den_3.jpg'),(646,3008,'Đỏ','anh_quan_ao/anh_mau/mu_beanie_len_mau_do.jpg','anh_quan_ao/anh_mau/mu_beanie_len_xam_2.jpg','anh_quan_ao/anh_mau/mu_beanie_len_xam_3.jpg'),(647,3008,'Vàng','anh_quan_ao/anh_mau/mu_beanie_len_mau_vang.jpg','anh_quan_ao/anh_mau/mu_beanie_len_nau_2.jpg','anh_quan_ao/anh_mau/mu_beanie_len_nau_3.jpg'),(648,3009,'Đen','anh_quan_ao/anh_mau/that_lung_da_khoa_kim_loai_mau_den.jpg','anh_quan_ao/anh_mau/that_lung_da_khoa_kim_loai_den_2.jpg','anh_quan_ao/anh_mau/that_lung_da_khoa_kim_loai_den_3.jpg'),(649,3010,'Xám','anh_quan_ao/anh_mau/vo_ngan_cotton_basic_pack_5_mau_xam.jpg','anh_quan_ao/anh_mau/vo_ngan_cotton_basic_pack_5_xam_2.jpg','anh_quan_ao/anh_mau/vo_ngan_cotton_basic_pack_5_xam_3.jpg'),(650,3011,'Xanh','anh_quan_ao/anh_mau/tui_deo_hong_thoi_trang_mau_xanh.jpg','anh_quan_ao/anh_mau/tui_deo_hong_thoi_trang_den_2.jpg','anh_quan_ao/anh_mau/tui_deo_hong_thoi_trang_den_3.jpg'),(651,3012,'Nâu','anh_quan_ao/anh_mau/tui_deo_vai_mini_mau_nau.jpg','anh_quan_ao/anh_mau/tui_deo_vai_mini_den_2.jpg','anh_quan_ao/anh_mau/tui_deo_vai_mini_den_3.jpg'),(652,3013,'Đỏ','anh_quan_ao/anh_mau/mu_snapback_the_thao_mau_do.jpg','anh_quan_ao/anh_mau/mu_snapback_the_thao_den_2.jpg','anh_quan_ao/anh_mau/mu_snapback_the_thao_den_3.jpg'),(653,3013,'Tím','anh_quan_ao/anh_mau/mu_snapback_the_thao_mau_tim.jpg','anh_quan_ao/anh_mau/mu_snapback_the_thao_xanhnavy_2.jpg','anh_quan_ao/anh_mau/mu_snapback_the_thao_xanhnavy_3.jpg'),(654,3013,'Xám','anh_quan_ao/anh_mau/mu_snapback_the_thao_mau_xam.jpg','anh_quan_ao/anh_mau/mu_snapback_the_thao_trang_2.jpg','anh_quan_ao/anh_mau/mu_snapback_the_thao_trang_3.jpg'),(655,3014,'Trắng','anh_quan_ao/anh_mau/vo_co_cao_thoi_trang_pack_3_mau_trang.jpg','anh_quan_ao/anh_mau/vo_co_cao_thoi_trang_pack_3_trang_2.jpg','anh_quan_ao/anh_mau/vo_co_cao_thoi_trang_pack_3_trang_3.jpg');
/*!40000 ALTER TABLE `SanPhamMau` ENABLE KEYS */;
UNLOCK TABLES;

--
-- Table structure for table `SizeDanOng`
--

DROP TABLE IF EXISTS `SizeDanOng`;
/*!40101 SET @saved_cs_client     = @@character_set_client */;
/*!50503 SET character_set_client = utf8mb4 */;
CREATE TABLE `SizeDanOng` (
  `id` int NOT NULL,
  `MaSize` varchar(5) NOT NULL,
  `NgangVai` decimal(10,1) DEFAULT NULL,
  `VongNguc` decimal(10,1) DEFAULT NULL,
  `TayAo` decimal(10,1) DEFAULT NULL,
  `Eo` decimal(10,1) DEFAULT NULL,
  `Hong` decimal(10,1) DEFAULT NULL,
  `DaiQuan` decimal(10,1) DEFAULT NULL,
  `ChieuCao` varchar(100) CHARACTER SET utf8mb4 COLLATE utf8mb4_0900_ai_ci DEFAULT NULL,
  `CanNang` varchar(100) CHARACTER SET utf8mb4 COLLATE utf8mb4_0900_ai_ci DEFAULT NULL,
  PRIMARY KEY (`id`)
) ENGINE=InnoDB DEFAULT CHARSET=utf8mb4 COLLATE=utf8mb4_0900_ai_ci;
/*!40101 SET character_set_client = @saved_cs_client */;

--
-- Dumping data for table `SizeDanOng`
--

LOCK TABLES `SizeDanOng` WRITE;
/*!40000 ALTER TABLE `SizeDanOng` DISABLE KEYS */;
INSERT INTO `SizeDanOng` VALUES (1,'XS',43.0,88.0,60.0,72.0,88.0,98.0,'155-165cm','45-55kg'),(2,'S',44.5,92.0,61.0,76.0,92.0,100.0,'160-170cm','55-65kg'),(3,'M',46.0,96.0,62.0,80.0,96.0,102.0,'168-175cm','65-75kg'),(4,'L',47.5,100.0,63.0,84.0,100.0,104.0,'170-180cm','75-85kg'),(5,'XL',49.0,104.0,64.0,88.0,104.0,106.0,'175-185cm','85-95kg'),(6,'XXL',50.5,108.0,65.0,92.0,108.0,108.0,'180-190cm','95-105kg'),(7,'3XL',52.0,112.0,66.0,96.0,112.0,110.0,'180-195cm','105-115kg');
/*!40000 ALTER TABLE `SizeDanOng` ENABLE KEYS */;
UNLOCK TABLES;

--
-- Table structure for table `SizePhuNu`
--

DROP TABLE IF EXISTS `SizePhuNu`;
/*!40101 SET @saved_cs_client     = @@character_set_client */;
/*!50503 SET character_set_client = utf8mb4 */;
CREATE TABLE `SizePhuNu` (
  `id` int NOT NULL,
  `MaSize` varchar(5) NOT NULL,
  `NgangVai` decimal(10,1) DEFAULT NULL,
  `VongNguc` decimal(10,1) DEFAULT NULL,
  `TayAo` decimal(10,1) DEFAULT NULL,
  `Eo` decimal(10,1) DEFAULT NULL,
  `Hong` decimal(10,1) DEFAULT NULL,
  `DaiQuan` decimal(10,1) DEFAULT NULL,
  `ChieuCao` varchar(100) CHARACTER SET utf8mb4 COLLATE utf8mb4_0900_ai_ci DEFAULT NULL,
  `CanNang` varchar(100) CHARACTER SET utf8mb4 COLLATE utf8mb4_0900_ai_ci DEFAULT NULL,
  PRIMARY KEY (`id`)
) ENGINE=InnoDB DEFAULT CHARSET=utf8mb4 COLLATE=utf8mb4_0900_ai_ci;
/*!40101 SET character_set_client = @saved_cs_client */;

--
-- Dumping data for table `SizePhuNu`
--

LOCK TABLES `SizePhuNu` WRITE;
/*!40000 ALTER TABLE `SizePhuNu` DISABLE KEYS */;
INSERT INTO `SizePhuNu` VALUES (1,'XXS',34.3,78.7,57.8,59.7,83.8,75.5,'135-150','33-45'),(2,'XS',34.9,82.5,58.1,62.2,90.2,79.6,'150-165','45-55'),(3,'S',35.6,86.4,58.4,66.0,94.0,84.6,'165-178','57-70'),(4,'M',36.2,90.2,58.4,69.8,97.8,85.7,'165-178','57-70'),(5,'L',36.8,94.0,58.4,73.7,101.6,87.4,'165-180','63-92'),(6,'XL',37.5,99.1,58.4,78.7,106.7,89.0,'175-185','63-92'),(7,'XXL',38.0,104.1,58.4,83.8,114.3,90.0,'175-180','75-95');
/*!40000 ALTER TABLE `SizePhuNu` ENABLE KEYS */;
UNLOCK TABLES;

--
-- Final view structure for view `doanhthu`
--

/*!50001 DROP VIEW IF EXISTS `doanhthu`*/;
/*!50001 SET @saved_cs_client          = @@character_set_client */;
/*!50001 SET @saved_cs_results         = @@character_set_results */;
/*!50001 SET @saved_col_connection     = @@collation_connection */;
/*!50001 SET character_set_client      = utf8mb4 */;
/*!50001 SET character_set_results     = utf8mb4 */;
/*!50001 SET collation_connection      = utf8mb4_0900_ai_ci */;
/*!50001 CREATE ALGORITHM=UNDEFINED */
/*!50013 DEFINER=`root`@`localhost` SQL SECURITY DEFINER */
/*!50001 VIEW `doanhthu` AS select cast(`donhang`.`Time` as date) AS `ngaytao`,sum(`donhang`.`TongGia`) AS `doanhthu` from `donhang` group by cast(`donhang`.`Time` as date) */;
/*!50001 SET character_set_client      = @saved_cs_client */;
/*!50001 SET character_set_results     = @saved_cs_results */;
/*!50001 SET collation_connection      = @saved_col_connection */;

--
-- Final view structure for view `doanhthu_theongay`
--

/*!50001 DROP VIEW IF EXISTS `doanhthu_theongay`*/;
/*!50001 SET @saved_cs_client          = @@character_set_client */;
/*!50001 SET @saved_cs_results         = @@character_set_results */;
/*!50001 SET @saved_col_connection     = @@collation_connection */;
/*!50001 SET character_set_client      = utf8mb4 */;
/*!50001 SET character_set_results     = utf8mb4 */;
/*!50001 SET collation_connection      = utf8mb4_0900_ai_ci */;
/*!50001 CREATE ALGORITHM=UNDEFINED */
/*!50013 DEFINER=`root`@`localhost` SQL SECURITY DEFINER */
/*!50001 VIEW `doanhthu_theongay` AS select cast(`donhang`.`Time` as date) AS `ngaytao`,sum(`donhang`.`TongGia`) AS `doanhthu` from `donhang` where (cast(`donhang`.`Time` as date) = '2025-11-08') group by cast(`donhang`.`Time` as date) */;
/*!50001 SET character_set_client      = @saved_cs_client */;
/*!50001 SET character_set_results     = @saved_cs_results */;
/*!50001 SET collation_connection      = @saved_col_connection */;

--
-- Final view structure for view `revenue`
--

/*!50001 DROP VIEW IF EXISTS `revenue`*/;
/*!50001 SET @saved_cs_client          = @@character_set_client */;
/*!50001 SET @saved_cs_results         = @@character_set_results */;
/*!50001 SET @saved_col_connection     = @@collation_connection */;
/*!50001 SET character_set_client      = utf8mb4 */;
/*!50001 SET character_set_results     = utf8mb4 */;
/*!50001 SET collation_connection      = utf8mb4_0900_ai_ci */;
/*!50001 CREATE ALGORITHM=UNDEFINED */
/*!50013 DEFINER=`root`@`localhost` SQL SECURITY DEFINER */
/*!50001 VIEW `revenue` AS select `donhang`.`TongGia` AS `GiaNgayHomNay` from `donhang` where ((to_days(`donhang`.`Time`) - to_days(now())) = 0) */;
/*!50001 SET character_set_client      = @saved_cs_client */;
/*!50001 SET character_set_results     = @saved_cs_results */;
/*!50001 SET collation_connection      = @saved_col_connection */;
SET @@SESSION.SQL_LOG_BIN = @MYSQLDUMP_TEMP_LOG_BIN;
/*!40103 SET TIME_ZONE=@OLD_TIME_ZONE */;

/*!40101 SET SQL_MODE=@OLD_SQL_MODE */;
/*!40014 SET FOREIGN_KEY_CHECKS=@OLD_FOREIGN_KEY_CHECKS */;
/*!40014 SET UNIQUE_CHECKS=@OLD_UNIQUE_CHECKS */;
/*!40101 SET CHARACTER_SET_CLIENT=@OLD_CHARACTER_SET_CLIENT */;
/*!40101 SET CHARACTER_SET_RESULTS=@OLD_CHARACTER_SET_RESULTS */;
/*!40101 SET COLLATION_CONNECTION=@OLD_COLLATION_CONNECTION */;
/*!40111 SET SQL_NOTES=@OLD_SQL_NOTES */;

-- Dump completed on 2025-11-10  0:41:16
